(comment),32,OvP20191218 - (エトワール追加後)
通常攻撃(素手),3481186334,Melee,素手 first normal attack
通常攻撃(素手),1578628668,Melee,素手 second normal attack
通常攻撃(素手),888355388,Melee,素手 third normal attack
通常攻撃(素手),1306546230,Melee,素手 air first normal attack
通常攻撃(素手),439463649,Melee,素手 air second normal attack
通常攻撃(素手),2213730805,Melee,素手 air third normal attack
ステアタ(素手),2071807444,Melee,素手 ステップアタック
ダッキングブロウ(素手),3085782811,PA,Unarmed
通常攻撃(ロッド),1698836726,Melee,Rod first normal attack,Fo
通常攻撃(ロッド),1698835954,Melee,Rod second normal attack,Fo
通常攻撃(ロッド),1698835891,Melee,Rod third normal attack,Fo
通常攻撃(タリス),603769614,Ranged,Talis first normal attack
通常攻撃(タリス),603769679,Ranged,Talis second normal attack
通常攻撃(タリス),603769484,Ranged,Talis third normal attack
ロッドシュート,82081592,Melee,Rod Shoot,Fo
アナザーロッドシュートモード,102418521,Special,Another Rod Shooting Mode ring,Fo
フリーズイグニッション,3533119346,Special,Freeze Ignition (Fo skill),Fo
フォイエ,2875245395,Tech,Uncharged
フォイエ,169905548,Tech,Charged
ギ・フォイエ,46933754,Tech,Uncharged
ギ・フォイエ,1396192371,Tech,Charged
ラ・フォイエ,3727832945,Tech,Uncharged
ラ・フォイエ,3160663286,Tech,Charged
サ・フォイエ,992062163,Tech,Uncharged
サ・フォイエ,1313506350,Tech,Charged
零式サ・フォイエ,1314363598,Tech,Uncharged
零式サ・フォイエ,2566461378,Tech,Uncharged
零式サ・フォイエ,166001586,Tech,Charged
零式サ・フォイエ,2588035419,Tech,Charged
ナ・フォイエ,3050042460,Tech,Ground Uncharged
ナ・フォイエ,4054265489,Tech,Ground Charged
ナ・フォイエ,828617961,Tech,Direct Uncharged
ナ・フォイエ,840836682,Tech,Direct Charged
イル・フォイエ,753131125,Tech,Uncharged
イル・フォイエ,3465265553,Tech,Charged
バータ,266516230,Tech,Uncharged
バータ,2503064048,Tech,Charged
ギ・バータ,4241185338,Tech,Uncharged
ギ・バータ,3975187521,Tech,Charged
ラ・バータ,2628737071,Tech,Uncharged
ラ・バータ,1838809243,Tech,Charged
サ・バータ,1906247115,Tech,Uncharged
サ・バータ,3773240682,Tech,Charged1
サ・バータ,3773212059,Tech,Sabarta charged (crafted?) second hit
サ・バータ,3773297992,Tech,Sabarta charged (crafted?) third hit
ナ・バータ,49556873,Tech,Cone
零式ナ・バータ,2952624225,Tech,Nabarta (type-0)
イル・バータ,3811499950,Tech,Uncharged1
イル・バータ,1100223160,Tech,Charged1
イル・バータ,3813876239,Tech,Uncharged2
イル・バータ,1097749259,Tech,Charged2
イル・バータ,3811409918,Tech,Uncharged3
イル・バータ,1097489198,Tech,Charged3
ゾンデ,1715327776,Tech,Charged
ゾンデ,554054867,Tech,Uncharged
零式ゾンデ,553845451,Tech,Zonde (type-0 craft) uncharged
零式ゾンデ,3325804278,Tech,charged
零式ゾンデ,3480669127,Tech,charged final blast
ギ・ゾンデ,71596560,Tech,Charged
ギ・ゾンデ,3022246617,Tech,Uncharged
ラ・ゾンデ,3676394406,Tech,Charged
ラ・ゾンデ,1182047893,Tech,Uncharged
サ・ゾンデ,3103634595,Tech,Charged
サ・ゾンデ,577772084,Tech,Sazonde ignition burn/poisonlike damage? (charged)
サ・ゾンデ,3004803920,Tech,Uncharged
ゾンディール,3588292375,Tech,Charged
ゾンディール,2651268955,Tech,Uncharged
ナ・ゾンデ,2789601843,Tech,Charged
ナ・ゾンデ,3856490257,Tech,Charged "first thunder"
ナ・ゾンデ,4278420419,Tech,Uncharged
ナ・ゾンデ,1343119479,Tech,Uncharged Nazonde "first thunder"
イル・ゾンデ,1756866220,Tech,Charged
イル・ゾンデ,2398664728,Tech,Uncharged
ザン,521246550,Tech,Charged
ザン,1968122153,Tech,Uncharged
ギ・ザン,240324652,Tech,Charged
ギ・ザン,3485405777,Tech,Uncharged
ギ・ザン,3917149067,Tech,Charged
ラ・ザン,1061314683,Tech,Charged
ラ・ザン,1105346738,Tech,Uncharged
サ・ザン,886169895,Tech,Charged
サ・ザン,3946162743,Tech,Uncharged
ザンバース,2106601422,Tech,
ナ・ザン,1233164694,Tech,Charged
ナ・ザン,1497197786,Tech,Uncharged
零式ナ・ザン,3917512316,Tech,Nazan (type-0 craft) uncharged
零式ナ・ザン,1490526560,Tech,second
零式ナ・ザン,3510056594,Tech,Nazan charged first hit
零式ナ・ザン,2994867107,Tech,second hit
零式ナ・ザン,1437435851,Tech,loads of hits
イル・ザン,2891550606,Tech,Charged
イル・ザン,1944592516,Tech,Uncharged
グランツ,696766223,Tech,Charged
グランツ,587902627,Tech,Uncharged
ギ・グランツ,1564723661,Tech,
ギ・グランツ,1530463953,Tech,
ギ・グランツ,1436931332,Tech,
ギ・グランツ,2514551176,Tech,
ギ・グランツ,2514506879,Tech,
零式ギ・グランツ,3628407015,Tech,Gigrants (type-0) spin
零式ギ・グランツ,3801422187,Tech,Gigrants (type-0) final spin
ラ・グランツ,1533572763,Tech,Charged
ラ・グランツ,3561438056,Tech,Uncharged
レスタ,142771121,Tech,
レスタ,4031424500,Tech,
レスタ,195155587,Tech,
レスタ,3436243939,Tech,
アンティ,2654395262,Tech,
ナ・グランツ,3224409263,Tech,
ナ・グランツ,441986811,Tech,
イル・グランツ,3937014835,Tech,
イル・グランツ,1775046628,Tech,
メギド,3476394151,Tech,
メギド,1348241237,Tech,
ギ・メギド,2362873256,Tech,
ギ・メギド,2076503293,Tech,
ラ・メギド,1346510043,Tech,
ラ・メギド,2458729274,Tech,
零式ラ・メギド,1488338153,Tech,Uncharged
零式ラ・メギド,3108138604,Teh,Charged
サ・メギド,757530403,Tech,
サ・メギド,3731229904,Tech,
ナ・メギド,803375681,Tech,
ナ・メギド,2368738938,Tech,
イル・メギド,3791794807,Tech,
イル・メギド,3041296659,Tech,
フォメルギオン,9380787,Tech,???
フォメルギオン,1671704953,Tech,???
ザンディオン,481495314,Tech,???
ザンディオン,2644417114,Tech,???
バーン,2505928570,Status,Burn Status Effect (level 1)
バーン,2505928505,Status,Burn Status Effect (level 2)
バーン,2505928696,Status,Burn Status Effect (level 3)
バーン,2505928584,Status,Burn Status Effect (level 4)
バーン,2505927753,Status,Burn Status Effect (level 5)
ポイズン,1739789695,Status,Poison Status Effect (level 1)
ポイズン,1739789694,Status,Poison Status Effect (level 2)
ポイズン,1739789665,Status,Poison Status Effect (level 3)
ポイズン,1739789664,Status,Poison Status Effect (level 4)
ポイズン,1739789667,Status,Poison Status Effect (level 5)
通常攻撃(ウォンド),1775819901,Melee,Wand,Te
通常攻撃(ウォンド),1775820734,Melee,Wand,Te
通常攻撃(ウォンド),1775820799,Melee,Wand,Te
ステアタ(ウォンド),1777037248,Melee,Wand (step attack),Te
ポイズンイグニッション,2532986093,Special,Poison Ignition (Te skill),Te
ウォンドギア,2614865725,Tech,ウォンドギア (Ice),Te
ウォンドギア,1479548096,Tech,ウォンドギア (Fire),Te
ウォンドギア,789614525,Tech,ウォンドギア (Thunder),Te
ウォンドギア,3274663457,Tech,ウォンドギア (Light),Te
ウォンドギア,1513048310,Tech,ウォンドギア (Dark),Te
ウォンドギア,3948088357,Tech,ウォンドギア (Wind),Te
バーランツィオン,295363461,Tech,バーランツィオン
バーランツィオン,3388489620,Tech,バーランツィオン
バーランツィオン,1163319447,Tech,バーランツィオン
バーランツィオン,2334157934,Tech,バーランツィオン
バーランツィオン,2379907725,Tech,バーランツィオン
ジャストガード,1612949165,Special,Hunter Weapon JG
ジャストガード(ソード),1526762558
スナッチステップ,3943870236,Melee,Braver スナッチステップ
ステアタ(ソード),1216456228,Melee,Sword
ステアタ(零式),1279043576,Melee,サクリファイスバイト零式
通常攻撃(ソード),1215379240,Melee,Sword 1st
通常攻撃(ソード),1215379433,Melee,Sword 2nd
通常攻撃(ソード),1215367338,Melee,Sword 3rd
通常攻撃(零式),2001359545,Melee,Sword 1st サクリファイスバイト零式
通常攻撃(零式),2002747972,Melee,Sword 2nd サクリファイスバイト零式
通常攻撃(零式),2084739075,Melee,Sword 3rd サクリファイスバイト零式
通常攻撃(ソード),1331225593,Melee,Sword air first normal attack 
通常攻撃(ソード),1331225146,Melee,Sword air second normal attack
通常攻撃(ソード),1331225211,Melee,Sword air third normal attack
通常攻撃(零式),1351584013,Melee,Sword air first normal attack サクリファイスバイト零式
通常攻撃(零式),1353244642,Melee,Sword air second normal attack サクリファイスバイト零式
通常攻撃(零式),1354018567,Melee,Sword air third normal attack サクリファイスバイト零式
ライジングエッジ,1227622308,PA,Start
ライジングエッジ,1224723795,PA,Spin
ツイスターフォール,1224723730,PA,Spin
ツイスターフォール,3096797813,PA,Slam
ツイスターフォール,3096804787,PA,Twister Fall second slam part
ツイスターフォール,3096805226,PA,Twister Fall third slam part
ツイスターフォール零式,3096804398,PA,crafted spin
ツイスターフォール零式,1227789065,PA,crafted slam
ツイスターフォール零式,1227789258,PA,Twister Fall crafted second slam part
ツイスターフォール零式,1227788826,PA,Twister Fall crafted third slam part
ノヴァストライク,3096784224,PA,1st
ノヴァストライク,3096784697,PA,2nd
ノヴァストライク,3034360175,PA,3rd
ノヴァストライク,3950438450,PA,Nova Strike uncharged 
ノヴァストライク,3950438451,PA,Nova Strike charge lv.1
ノヴァストライク,3950438460,PA,Nova Strike charge lv.2
ライドスラッシャー,1224723856,PA,
オーバーエンド,3096759815,PA,First 4
オーバーエンド,3330009863,PA,final
オーバーエンド,3096759878,PA,???
オーバーエンド,3096760066,PA,???
スタンコンサイド,1224723991,PA,
ソニックアロウ,3096760613,PA,no gear
ソニックアロウ,3096760676,PA,partial gear
ソニックアロウ,3096768032,PA,full gear
ソニックアロウ,1410023705,PA,???
クルーエルスロー,2150373435,PA,grab
クルーエルスロー,1224724117,PA,thrown
Enemy Thrown,2164805818,PA,beatdown
ギルティブレイク,3096967176,PA,no charge 1
ギルティブレイク,784836873,PA,no charge 2
ギルティブレイク,3096967243,PA,half charge 1
ギルティブレイク,785070206,PA,half charge 2
ギルティブレイク,3096936719,PA,full charge 1
ギルティブレイク,297995916,PA,full charge 2
サクリファイスバイト,526157945,PA,サクリファイスバイト latch
サクリファイスバイト,2275427188,PA,サクリファイスバイト charges
サクリファイスバイト,985472180,PA,サクリファイスバイト short-charge
サクリファイスバイト,2606728976,PA,サクリファイスバイト smack
サクリファイスバイト零式,1040118139,PA,latch
サクリファイスバイト零式,179195970,PA,charges
サクリファイスバイト零式,3909378260,PA,short-charge
サクリファイスバイト零式,3040541025,PA,smack
イグナイトパリング,3096775537,PA,イグナイトパリング first four strikes (parried version uses this as well)
イグナイトパリング,54200585,PA,イグナイトパリング final two strikes
イグナイトパリング,498184876,PA,Ignition Parry parried first hit
イグナイトパリング,915579056,PA,Ignition Parry parried last 2 hits
イグナイトパリング,54200648,PA,Ignition Parry 1 gear last 2 hits
イグナイトパリング,54200890,PA,Ignition Parry 2 gear last 2 hits
イグナイトパリング,915578993,PA,Ignition Parry 1 gear last 2 hits parried
イグナイトパリング,915561415,PA,Ignition Parry 2 gear last 2 hits parried
通常攻撃(パルチザン),2285482403,Melee,Partisan 1
通常攻撃(パルチザン),2226608029,Melee,Partisan 2
通常攻撃(パルチザン),3208780153,Melee,Partisan 3
通常攻撃(パルチザン),689132866,Melee,Partizan air first normal attack
通常攻撃(パルチザン),2984060434,Melee,Partizan air second normal attack
通常攻撃(パルチザン),3685709820,Melee,Partizan air third normal attack
ステアタ(パルチザン),998183821,Melee,Partisan Step
スライドシェイカー,636978853,PA,Slide Shaker spin no gear
スライドシェイカー,1520282204,PA,Slide Shaker final hit no gear
スライドシェイカー,3227905532,PA,Spin
スライドシェイカー,2058300958,PA,final
スピードレイン,2059941313,PA,
スピードレイン,2526158104,PA,Speed Rain no gear
ライジングフラッグ,2304899440,PA,ライジングフラッグ first ヒット no gear
ライジングフラッグ,1539563132,PA,ライジングフラッグ second ヒット no gear
ライジングフラッグ,4126118223,PA,ライジングフラッグ first ヒット with gear
ライジングフラッグ,3118916294,PA,ライジングフラッグ second ヒット with gear
ピークアップスロー,3489365027,PA,ピークアップスロー ヒット and pickup
ピークアップスロー,433956771,PA,ピークアップスロー thrown
ピークアップスロー,3149659211,PA,ピークアップスロー ヒット and pickup (g)
ピークアップスロー,2913954274,PA,ピークアップスロー thrown (g)
トリックレイヴ,2653614511,PA,トリックレイヴ first 5 ヒットs
トリックレイヴ,13652846,PA,トリックレイヴ final ヒット
トリックレイヴ,3731898348,PA,トリックレイヴ first 5 ヒットs (gear)
トリックレイヴ,3577272225,PA,トリックレイヴ final ヒット (gear)
スライドエンド,377464480,PA,スライドエンド uncharged
スライドエンド,2909671153,PA,スライドエンド charged
スライドエンド,3587562687,PA,スライドエンド uncharged (gear)
スライドエンド,1834644812,PA,スライドエンド charged (gear)
アサルトバスター,3303155134,PA,アサルトバスター
アサルトバスター,2759272399,PA,アサルトバスター charge
アサルトバスター,1141954068,PA,アサルトバスター (gear)
アサルトバスター,345377627,PA,アサルトバスター charge (gear)
バンタースナッチ,3904258146,PA,バンタースナッチ
バンタースナッチ,4105316267,PA,バンタースナッチ (gear)
セイクリッドスキュア,978114411,PA,セイクリッドスキュア
セイクリッドスキュア,3090311227,PA,セイクリッドスキュア (gear)
セイクリッドスキュア零式,1194865789,PA,Sacred Skewer (type-0) no gear uncharged
セイクリッドスキュア零式,458263249,PA,Sacred Skewer (type-0) gear uncharged
セイクリッドスキュア零式,2210359068,PA,Sacred Skewer (type-0) no gear charged
セイクリッドスキュア零式,2391746623,PA,Sacred Skewer (type-0) gear charged
ヴォルグラプター,936938020,PA,ヴォルグラプター
ヴォルグラプター,925141705,PA,ヴォルグラプター charged
ティアーズグリッド,3331228937,PA,Tear Grid combo ヒットs
ティアーズグリッド,195498830,PA,Tear Grid final ヒット
ティアーズグリッド,3630719180,PA,Tear Grid combo ヒットs(g)
ティアーズグリッド,3226393072,PA,Tear Grid final ヒット (g)
通常攻撃(ワイヤードランス),1667827810,Melee,Wired Lance 1
通常攻撃(ワイヤードランス),1667827875,Melee,Wired Lance 2
通常攻撃(ワイヤードランス),1667828192,Melee,Wired Lance 3
ステアタ(ワイヤードランス),1667395446,Melee,WL Step
バインドスルー,2996928382,PA,バインドスルー pickup
バインドスルー,377627045,PA,バインドスルー slam
グラップルチャージ,1615246036,PA,グラップルチャージ grapple
グラップルチャージ,1667543020,PA,グラップルチャージ charge
ヘブンリーフォール,4142951253,PA,ヘブンリーフォール heaven
ヘブンリーフォール,1713894514,PA,ヘブンリーフォール fall
アザーサイクロン,1850125110,PA,アザーサイクロン grab
アザーサイクロン,1871999855,PA,アザーサイクロン cyclone
アザーサイクロン,455829749,PA,アザーサイクロン fling
アザーサイクロン零式,1370775705,PA,Other Cyclone craft grab
アザーサイクロン零式,3838831464,PA,spin
アザーサイクロン零式,3070400580,PA,throw
アザーサイクロン零式,4266934922,PA,Other Cyclone (C) thrown into enemy (ground)
アザーサイクロン零式,1107498562,PA,Other Cyclone (C) thrown into enemy (air)
アザースピン,781364083,PA,アザースピン start
アザースピン,516963559,PA,アザースピン spin
アザースピン,1667539754,PA,アザースピン end
ホールディングカレント,3976609677,PA,ホールディングカレント latch
ホールディングカレント,4083023452,PA,ホールディングカレント spamclick ticks
ホールディングカレント,604066823,PA,ホールディングカレント auto ticks
ホールディングカレント,1667539691,PA,ホールディングカレント detatch
エアポケットスイング,1667539880,PA,エアポケットスイング
サーベラスダンス,1667539817,PA,サーベラスダンス
サーベラスダンス,185880800,PA,サーベラスダンス finish
サーベラスダンス零式,4083015423,PA,サーベラスダンス (crafted)
サーベラスダンス零式,1181894001,PA,サーベラスダンス finish (crafted)
ワイルドラウンド,1667539503,PA,ワイルドラウンド
カイザーライズ,4083089437,PA,カイザーライズ
アダプトスピン,4083089500,PA,アダプトスピン
通常攻撃(ガンスラッシュ),3318968327,Melee,Gunslash M1
通常攻撃(ガンスラッシュ),1408075886,Melee,Gunslash M2
通常攻撃(ガンスラッシュ),2364486899,Melee,Gunslash M3
通常攻撃(ガンスラッシュ),1405961624,Melee,Gunslash (striking mode) air first normal attack
通常攻撃(ガンスラッシュ),3342919411,Melee,Gunslash (striking mode) air second normal attack
通常攻撃(ガンスラッシュ),3800743499,Melee,Gunslash (striking mode) air third normal attack
通常攻撃(ガンスラッシュ),2125202658,Ranged,Gunslash R1
通常攻撃(ガンスラッシュ),4276570552,Ranged,Gunslash R2
通常攻撃(ガンスラッシュ),2867139739,Ranged,Gunslash R3
ステアタ(ガンスラッシュ),2277392279,Melee,Gunslash Step
トライインパクト,3316645180,PA,トライインパクト first two ヒットs
トライインパクト,1956354608,PA,トライインパクト third impact
トライインパクト零式,2041657518,PA,Tri-Impact Crafted first non-slash hit
トライインパクト零式,4121081309,PA,トライインパクト crafted ヒット
トライインパクト零式,3770139908,PA,トライインパクト crafted ヒット
トライインパクト零式,1585984604,PA,トライインパクト crafted ヒット
レイジダンス,4069575100,PA,レイジダンス stabs
レイジダンス,2375995786,PA,レイジダンス shot
エインラケーテン,1803337451,PA,エインラケーテン 打ち上げ
エインラケーテン,4080719295,PA,エインラケーテン 射撃
エインラケーテン零式,867419120,PA,Ein Raketen (type-0) hit
エインラケーテン零式,2879859001,PA,Ein Raketen (type-0) slash stationary
エインラケーテン零式,2001154192,PA,Ein Raketen (type-0) slash
サーペントエア,3780905363,PA,サーペントエア ヒットs
サーペントエア,3959349048,PA,サーペントエア final ヒット
エイミングショット,1657878962,PA,エイミングショット (uncharged)
エイミングショット,1657879790,PA,エイミングショット (charged)
スリラープロード,3912567547,PA,スリラープロード
スラッシュレイヴ,799003079,PA,スラッシュレイヴ combo ヒットs
スラッシュレイヴ,799003014,PA,スラッシュレイヴ finishing shot part 1
スラッシュレイヴ,1159428500,PA,スラッシュレイヴ finishing shot part 2
スラッシュレイヴ,3180075746,PA,Slash Rave finishing shot part 2 no stagger
アディションバレット,2250284406,PA,アディションバレット kick
アディションバレット,2775356067,PA,アディションバレット shot
クライゼンシュラーク,4071330996,PA,クライゼンシュラーク (some ヒットs)
クライゼンシュラーク,3235361631,PA,クライゼンシュラーク (other ヒットs)
レーゲンシュラーク,74469442,PA,レーゲンシュラーク strike one
レーゲンシュラーク,74466659,PA,レーゲンシュラーク strike two
レーゲンシュラーク,74468002,PA,レーゲンシュラーク triple shot
シュトレツヴァイ,3169780679,PA,シュトレツヴァイ melee startup
シュトレツヴァイ,3169781527,PA,シュトレツヴァイ melee ヒットs (+range twirl)
シュトレツヴァイ,3169781648,PA,シュトレツヴァイ melee finisher
シュトレツヴァイ,3169644227,PA,Ranged version (spin)
通常攻撃(ダブルセイバー),778603760,Melee,Double Saber 1
通常攻撃(ダブルセイバー),2169426261,Melee,Double Saber 2
通常攻撃(ダブルセイバー),1915920209,Melee,Double Saber 3
通常攻撃(ダブルセイバー),3587443201,Melee,Double Saber air first normal attack
通常攻撃(ダブルセイバー),2489626506,Melee,Double Saber air second normal attack
通常攻撃(ダブルセイバー),3086213424,Melee,Double Saber air third normal attack
ステアタ(ダブルセイバー),422538670,Melee,Double Saber Step
DS かまいたち,2620269130,Special,level 1
DS かまいたち,2620268940,Special,level 2
DS かまいたち,2620269005,Special,level 3
トルネードダンス零式,275226098,PA,
トルネードダンス零式,3746811944,PA,
トルネードダンス,1825444869,PA,
シザーエッジ,1652495452,PA,シザーエッジ initial ヒット
シザーエッジ,2998595631,PA,シザーエッジ additioナ・l ヒットs
ランブリングムーン,4252278068,PA,ランブリングムーン first four ヒットs
ランブリングムーン,4115432396,PA,ランブリングムーン final ヒット
イリュージョンレイヴ,262573151,PA,イリュージョンレイヴ (like the first half)
イリュージョンレイヴ,1810428573,PA,イリュージョンレイヴ (other half of the ヒットs)
イリュージョンレイヴ,122219643,PA,イリュージョンレイヴ (final ヒット - third half!!)
フェイクキャプチャ,206972203,PA,フェイクキャプチャ ヒットs
フェイクキャプチャ,207210116,PA,フェイクキャプチャ slam dunk
サプライズダンク,1531593100,PA,サプライズダンク (first three ヒットs)
サプライズダンク,129472838,PA,サプライズダンク (dunk portion)
デッドリーアーチャー,4243814605,PA,デッドリーアーチャー
アクロエフェクト,2726424864,PA,アクロエフェクト
デッドリーサークル,1319999679,PA,デッドリーサークル
デッドリーサークル零式,1215958429,PA,Deadly Circle craft
ケイオスライザー,3025396833,PA,ケイオスライザー (no gear)
ケイオスライザー,3025396896,PA,ケイオスライザー (Level 2 gear)
ケイオスライザー,3025396960,PA,ケイオスライザー
ハリケーンセンダー,1523926491,PA,Hurricane sender send
ハリケーンセンダー,524784934,PA,Hurricane sender detonate
ハリケーンセンダー,1523926426,PA,Hurricane sender send (level2 gear)
ハリケーンセンダー,524782206,PA,Hurricane detonate (level 2 gear)
ハリケーンセンダー,1523926105,PA,Hurricane send (level 2 gear)
ハリケーンセンダー,524782271,PA,Hurricane detonate (*level 3 gear)
通常攻撃(ツインダガー),2378312327,Melee,
通常攻撃(ツインダガー),2378312320,Melee,
通常攻撃(ツインダガー),2378312321,Melee,
通常攻撃(ツインダガー),3816723344,Melee,0 gear air first normal attack
通常攻撃(ツインダガー),3816723347,Melee,1 gear
通常攻撃(ツインダガー),3816723346,Melee,2 gear
通常攻撃(ツインダガー),3816723349,Melee,3 gear
通常攻撃(ツインダガー),1163229184,Melee,0 gear air second normal attack
通常攻撃(ツインダガー),1163229191,Melee,1 gear
通常攻撃(ツインダガー),1163229190,Melee,2 gear
通常攻撃(ツインダガー),1163229189,Melee,3 gear
通常攻撃(ツインダガー),1893769682,Melee,0 gear air third normal attack
通常攻撃(ツインダガー),1893769685,Melee,1 gear
通常攻撃(ツインダガー),1893769684,Melee,2 gear
通常攻撃(ツインダガー),1893769687,Melee,3 gear
Tダガースピン,3115487285,Special,0 gear TD Spin
Tダガースピン,3115487274,Special,1 gear
Tダガースピン,3115487275,Special,2 gear
Tダガースピン,3115487272,Special,3 gear
ステアタ(ツインダガー),2767975965,Melee,TD Step
レイジングワルツ,238277165,PA,レイジングワルツ 0 gear
レイジングワルツ,238277154,PA,レイジングワルツ 1 gear
レイジングワルツ,238277155,PA,レイジングワルツ 2 gear
レイジングワルツ,238277152,PA,レイジングワルツ 3 gear
レイジングワルツ零式,1205859347,PA,レイジングワルツ 0 gear
レイジングワルツ零式,1205859348,PA,Raging Waltz (type-0) 1(?) gear
レイジングワルツ零式,1205859349,PA,Raging Waltz (type-0) 2(?) gear
レイジングワルツ零式,1205859350,PA,Raging Waltz (type-0) 3(?) gear
シュートポルカ,2053605232,PA,シュートポルカ stage 0 gear
シュートポルカ,2053605233,PA,シュートポルカ stage 1 gear
シュートポルカ,2053605246,PA,シュートポルカ stage 2 gear
シュートポルカ,2053605247,PA,シュートポルカ stage 3 gear
スケアフーガ,1193225277,PA,Scar Fugue 0 gear first hit
スケアフーガ,1193225276,PA,1 gear
スケアフーガ,1193225279,PA,2 gear
スケアフーガ,1193225278,PA,3 gear
スケアフーガ,2790036905,PA,Scar Fugue 0 gear second hit
スケアフーガ,2790036906,PA,1 gear
スケアフーガ,2790036907,PA,2 gear
スケアフーガ,2790036908,PA,3 gear
スケアフーガ,721495005,PA,Scar Fugue 0 gear third hit
スケアフーガ,721495004,PA,1 gear
スケアフーガ,721495003,PA,2 gear
スケアフーガ,721495002,PA,3 gear
ワイルドラプソディ,3998547224,PA,ワイルドラプソディ stage 0 gear
ワイルドラプソディ,3998547225,PA,ワイルドラプソディ stage 1 gear
ワイルドラプソディ,3998547226,PA,ワイルドラプソディ stage 2 gear
ワイルドラプソディ,3998547227,PA,ワイルドラプソディ stage 3 gear
ダークスケルツォ,2711968273,PA,Dark Scherzo 0 gear first two hits
ダークスケルツォ,2711968272,PA,Dark Scherzo 1 gear
ダークスケルツォ,2711968287,PA,Dark Scherzo 2 gear
ダークスケルツォ,2711968286,PA,Dark Scherzo 3 gear
ダークスケルツォ,2115627931,PA,Dark Scherzo 0 gear final
ダークスケルツォ,2115627930,PA,Dark Scherzo 1 gear
ダークスケルツォ,2115627909,PA,Dark Scherzo 2 gear
ダークスケルツォ,2115627908,PA,Dark Scherzo 3 gear
クイックマーチ,3438453616,PA,Quick March 0 gear 2 kicks
クイックマーチ,3438453623,PA,Quick March 1 gear
クイックマーチ,3438453622,PA,Quick March 2 gear
クイックマーチ,3438453621,PA,Quick March 3 gear
クイックマーチ,751181375,PA,Quick March 0-1(?) gear final
クイックマーチ,751181369,PA,Quick March 2 gear
クイックマーチ,751181368,PA,Quick March 3 gear
シンフォニックドライブ,2764513441,PA,0 gear Symphonic Drive first kick
シンフォニックドライブ,2764513442,PA,1 gear
シンフォニックドライブ,2764513443,PA,2 gear
シンフォニックドライブ,2764513444,PA,3 gear
シンフォニックドライブ,167868454,PA,0 gear Symphonic Drive second kick
シンフォニックドライブ,167868455,PA,1 gear
シンフォニックドライブ,167868448,PA,2 gear
シンフォニックドライブ,167868449,PA,3 gear
オウルケストラー,120509749,PA,0 gear Orchestra
オウルケストラー,120509750,PA,1 gear
オウルケストラー,120509751,PA,2 gear
オウルケストラー,120509752,PA,3 gear
オウルケストラー,1362404324,PA,0 gear Orchestra finish
オウルケストラー,1362404325,PA,1 gear
オウルケストラー,1362404326,PA,2 gear
オウルケストラー,1362404327,PA,3 gear
ブラッディサラバンド,1022160397,PA,Bloody Saranbande 0 gear pt1
ブラッディサラバンド,1022160396,PA,Bloody Saranbande 1 gear
ブラッディサラバンド,1022160395,PA,Bloody Saranbande 2 gear
ブラッディサラバンド,1022160394,PA,Bloody Saranbande 3 gear
ブラッディサラバンド,1185927985,PA,Bloody Saranbande 0 gear pt2 ground
ブラッディサラバンド,2745888524,PA,Bloody Saranbande 0 gear pt2 air
ブラッディサラバンド,2745888515,PA,Bloody Saranbande 1 gear
ブラッディサラバンド,2745888514,PA,Bloody Saranbande 2 gear
ブラッディサラバンド,2745888513,PA,Bloody Saranbande 3 gear
ファセットフォリア,2569859798,PA,Facet Folia 0 gear start
ファセットフォリア,2569859799,PA,Facet Folia 1 gear
ファセットフォリア,2569859796,PA,Facet Folia 2 gear
ファセットフォリア,2569859797,PA,Facet Folia 3 gear
ファセットフォリア,3225817327,PA,Facet Folia 0 gear combo
ファセットフォリア,3225817324,PA,Facet Folia 1 gear
ファセットフォリア,3225817325,PA,Facet Folia 2 gear
ファセットフォリア,3225817234,PA,Facet Folia 3 gear
ファセットフォリア,1460149683,PA,Facet Folia 0 gear finish
ファセットフォリア,1460149681,PA,Facet Folia 1 gear
ファセットフォリア,1460149686,PA,Facet Folia 2 gear
ファセットフォリア,1460149680,PA,Facet Folia 3 gear
フォールノクターン,1622238417,PA,Fall Nocturne 0-1 gear
フォールノクターン,1622238480,PA,Fall Nocturne 2 gear
フォールノクターン,1622238547,PA,Fall Nocturne 3 gear
通常攻撃(ナックル),1325529929,Melee,Knuckles 1
通常攻撃(ナックル),1539605878,Melee,Knuckles 2
通常攻撃(ナックル),2996195244,Melee,Knuckles 3
通常攻撃(ナックル),3833651966,Melee,Knuckles air first normal attack
通常攻撃(ナックル),3392788140,Melee,Knuckles air second normal attack
通常攻撃(ナックル),2085169672,Melee,Knuckles air third normal attack
ステアタ(ナックル),1024789612,Melee,Knuckles Step
ダッキングブロウ,3490454980,PA,
フリッカージャブ,2220142187,PA,
ペンデュラムロール,2800536054,PA,
スライドアッパー 零式,4153501826,PA,スライドアッパー (crafted)
スライドアッパー 零式,4153501763,PA,スライドアッパー (crafted) uncharged
ストレイトチャージ,3732653666,PA,ストレイトチャージ (first ヒット) charge
ストレイトチャージ,3964807003,PA,ストレイトチャージ (after first) charge
ストレイトチャージ,524347705,PA,ストレイトチャージ (first ヒット) uncharge
ストレイトチャージ,2294749657,PA,ストレイトチャージ (after first) uncharge
ストレイトチャージ零式,1438955103,PA,?
ストレイトチャージ零式,3383204495,PA,?
クエイクハウリング,895673964,PA,クエイクハウリング
サプライズナックル,71364306,PA,サプライズナックル
フラッシュサウザンド,1586239574,PA,フラッシュサウザンド uppercut
フラッシュサウザンド,3809237665,PA,フラッシュサウザンド jabs
バックハンドスマッシュ,653244323,PA,バックハンドスマッシュ
バックハンドスマッシュ,653244128,PA,Backhand Smash
バックハンドスマッシュ,653244002,PA,Backhand Smash
メテオフィスト,2796397201,PA,メテオフィスト (lots of fists edition)
メテオフィスト,1647551898,PA,メテオフィスト charged (lots of fists)
メテオフィスト,1160708678,PA,Meteor Fist (medium fist no gear)
メテオフィスト,1050511877,PA,メテオフィスト (bigass fist edition)
メテオフィスト,70519939,PA,MEGAFIST
ハートレスインパクト,1169988911,PA,ハートレスインパクト part 1
ハートレスインパクト,63569063,PA,ハートレスインパクト part 2
通常攻撃(カタナ),3146534752,Melee,Katana 1
通常攻撃(カタナ),3146534691,Melee,Katana 2
通常攻撃(カタナ),3146534882,Melee,Katana 3
通常攻撃(カタナ),3103989825,Melee,Katana air first normal attack 
通常攻撃(カタナ),3103990658,Melee,Katana air second normal attack
通常攻撃(カタナ),3103990723,Melee,Katana air third normal attack
ステアタ(カタナ),3106156042,Melee,Katana Step
ジャストカウンター,2700168094,Special,Just Counter 0 gear hit
ジャストカウンター,2700168093,Special,Just Counter 1 gear
ジャストカウンター,2700168092,Special,Just Counter 2 gear
ジャストカウンター,4143333980,Special,Just Counter 3 gear
ジャストカウンター,4136181738,Special,Just Counter (2-3 gear) second hit
カウンターエッジ,1987114712,Special,Counter Edge 0-1 gear
カウンターエッジ,4184015666,Special,Counter Edge 2-3 gear
ツキミサザンカ,3148575588,PA,ツキミサザンカ
ゲッカザクロ,215665118,PA,ゲッカザクロ downswing
ゲッカザクロ,2160628938,PA,Gekka upswing
カンランキキョウ,3148575462,PA,Kanran uncharged
カンランキキョウ,206856796,PA,Kanran charged
サクラエンド,3148575399,PA,Sakura uncharged
サクラエンド,206860877,PA,Sakura charged
サクラエンド零式,3124578212,PA,Sakura-endo (type-0) first hit
サクラエンド零式,18135230,PA,Sakura-endo (type-0) second hit
ヒエンツバキ,3148574817,PA,Hien
アサギリレンダン,3148574752,PA,Asagiri
アサギリレンダン,3341396290,PA,final hit
ハトウリンドウ,3651508774,PA,Hatou uncharged
ハトウリンドウ,2325733367,PA,Hatou uncharged doubleヒット
ハトウリンドウ,273071015,PA,Hatou charged close
ハトウリンドウ,2209628291,PA,Hatou charged medium
ハトウリンドウ,1651702934,PA,Hatou charged SWEET SPOOOOT
ハトウリンドウ,106956039,PA,Hatou Rindou charged first hit
ハトウリンドウ,168167719,PA,Hatou Rindou charged second hit
シュンカシュンラン,2585461118,PA,Shunka uncharged
シュンカシュンラン,3513096229,PA,Shunka charged start
シュンカシュンラン,2264839669,PA,Shunka charged main combo
シュンカシュンラン,1450022218,PA,Shunka-shunran left/right slash
シュンカシュンラン,1309789969,PA,Shunka megaslash 1 of 2
シュンカシュンラン,2017360610,PA,Shunka megaslash 2 of 2
カザンナデシコ,3148578174,PA,カザンナデシコ (uncrafted)
カザンナデシコ零式,2323234226,PA,カザンナデシコ (crafted) uncharged
カザンナデシコ零式,2323234289,PA,カザンナデシコ (crafted) stage 1 charge
カザンナデシコ零式,2323233840,PA,カザンナデシコ (crafted) stage 2 charge
フドウクチナシ,206850016,PA,フドウクチナシ
カタナコンバット,156270665,Special,Katana finish slash
グレンテッセン,1776976279,PA,グレンテッセン dash
グレンテッセン,1522008442,PA,グレンテッセン slash
カタナコンバット,4259442013,Special,Katana finish megaslash
通常攻撃(デュアルブレード),990294516,Melee,DB 1st 
通常攻撃(デュアルブレード),990294325,Melee,DB 2nd 
通常攻撃(デュアルブレード),990294387,Melee,DB 3rd 
通常攻撃(デュアルブレード),996054556,Melee,DB 1st air
通常攻撃(デュアルブレード),996054749,Melee,DB 2nd air
通常攻撃(デュアルブレード),996054686,Melee,DB 3rd air
ステアタ(デュアルブレード),991363414,Melee,DB step attack
デュアルブレードスナッチ,1317379950,Melee,Skill Ring
フォトンブレード,3920319747,Special,フォトンブレード
フォトンブレード,2866606807,Special,Photon blade fever
ディストラクトウィング,2674942872,PA,ディストラクトウィング
ディストラクトウィング,2674942873,PA,- One gear bar
ディストラクトウィング,2674942854,PA,- Two gear bars
ディストラクトウィング,2674942855,PA,- Three gear bars
ディスパースシュライク,1077400737,PA,ディスパースシュライク
ディスパースシュライク,1077400736,PA,- One gear bar
ディスパースシュライク,1077400739,PA,- Two gear bars
ディスパースシュライク,1077400738,PA,- Three gear bars
ヘブンリーカイト,1536765733,PA,ヘブンリーカイト (start)
ヘブンリーカイト,1536765732,PA,- One gear bar
ヘブンリーカイト,1536765735,PA,- Two gear bars
ヘブンリーカイト,1536765734,PA,- Three gear bars
ヘブンリーカイト,3702927798,PA,ヘブンリーカイト (spin)
ヘブンリーカイト,3702927797,PA,- One gear bar
ヘブンリーカイト,3702927796,PA,- Two gear bars
ヘブンリーカイト,3702927803,PA,- Three gear bars
ジャスティスクロウ,770345041,PA,ジャスティスクロウ (star forming)
ジャスティスクロウ,770345042,PA,- One gear bar
ジャスティスクロウ,770345043,PA,- Two gear bars
ジャスティスクロウ,770345044,PA,- Three gear bars
ジャスティスクロウ,1549517485,PA,ジャスティスクロウ (projectイル・e shot)
ジャスティスクロウ,1549517474,PA,- One gear bar
ジャスティスクロウ,1549517475,PA,- Two gear bars
ジャスティスクロウ,1549517472,PA,- Three gear bars
スターリングフォール,2231885709,PA,スターリングフォール (ヒット 1)
スターリングフォール,2231885710,PA,- One gear bar
スターリングフォール,2231885711,PA,- Two gear bars
スターリングフォール,2231885744,PA,- Three gear bars
スターリングフォール,3810810460,PA,スターリングフォール (ヒット 2)
スターリングフォール,3810810461,PA,- One gear bar
スターリングフォール,3810810462,PA,- Two gear bars
スターリングフォール,3810810463,PA,- Three gear bars
ケストレルランページ,2840651037,PA,ケストレルランページ
ケストレルランページ,2840651036,PA,- One gear bar
ケストレルランページ,2840651039,PA,- Two gear bars
ケストレルランページ,2840651038,PA,- Three gear bars
ケストレルランページ零式,4277013577,PA,Kestrel Rampage craft no gear
ケストレルランページ零式,4277013576,PA,1 gear
ケストレルランページ零式,4277013623,PA,2 gear
ケストレルランページ零式,4277013622,PA,3 gear
イモータルダーヴ,823939487,PA,イモータルダーヴ (ground ヒット part 1)
イモータルダーヴ,823939486,PA,- One gear bar
イモータルダーヴ,823939485,PA,- Two gear bars
イモータルダーヴ,823939484,PA,- Three gear bars
イモータルダーヴ,630801458,PA,イモータルダーヴ (ground ヒット part 2)
イモータルダーヴ,630801461,PA,- One gear bar
イモータルダーヴ,630801460,PA,- Two gear bars
イモータルダーヴ,630801463,PA,- Three gear bars
イモータルダーヴ,2263183151,PA,イモータルダーヴ (air)
イモータルダーヴ,2263183150,PA,- One gear bar
イモータルダーヴ,2263183145,PA,- Two gear bars
イモータルダーヴ,2263183144,PA,- Three gear bars
通常攻撃(バレットボウ),2272169032,Ranged,Bow normal
通常攻撃(バレットボウ),2272172706,Ranged,Bow normal(charge)
ステアタ(バレットボウ),3762661375,Melee,ステップアタック
マスターシュート,346594595,PA,マスターシュート (uncharged)
マスターシュート,346612320,PA,マスターシュート (charged)
ペネトレイトアロウ,345271774,PA,ペネトレイトアロウ (uncharged)
ペネトレイトアロウ,345281053,PA,ペネトレイトアロウ (charged)
トレンシャルアロウ,347381214,PA,トレンシャルアロウ (uncharged)
トレンシャルアロウ,347381151,PA,トレンシャルアロウ (charged)
グラヴィティポイント,3485093660,PA,グラヴィティポイント (uncharged)
グラヴィティポイント,3438287013,PA,グラヴィティポイント suction (uncharged)
グラヴィティポイント,3485092908,PA,グラヴィティポイント (charged)
グラヴィティポイント,3438287076,PA,グラヴィティポイント suction (charged)
カミカゼアロウ,3470042837,PA,カミカゼアロウ fling
カミカゼアロウ,3439973719,PA,カミカゼアロウ rebound
カミカゼアロウ,3470042646,PA,カミカゼアロウ fling (charged)
カミカゼアロウ,3439973654,PA,カミカゼアロウ rebound (charged)
シャープボマー,294311563,PA,シャープボマー
シャープボマー零式,3671759171,PA,Uncharged
シャープボマー零式,3671760384,PA,Charged
ラストネメシス,3765323771,PA,ラストネメシス
トリットシューター,294299758,PA,トリットシューター kicks
トリットシューター,294300276,PA,トリットシューター shot
トリットシューター,349059562,PA,トリットシューター roundhouse
トリットシューター零式,349008452,PA,トリットシューター (crafted) kicks
トリットシューター零式,349008990,PA,トリットシューター (crafted) shots
トリットシューター零式,3255472210,PA,トリットシューター (crafted) roundhouse
バニッシュアロウ,348753019,PA,バニッシュアロウ
ミリオンストーム,294264661,PA,ミリオンストーム
チェイスアロウ,294264342,PA,チェイスアロウ
通常攻撃(アサルトライフル),1856399071,Ranged,Rifle shot
通常攻撃(アサルトライフル),220156466,Ranged,Rifle Diveroll shoot
通常攻撃(ウィークバレット),713142898,Special,Weak bullet ヒット
ピアッシングシェル,220056925,PA,ピアッシングシェル
グレネードシェル,220057357,PA,グレネードシェル
ワンポイント,220057548,PA,ワンポイント
ディフューズシェル,220057487,PA,ディフューズシェル
ホーミングエミッション,220057166,PA,ホーミングエミッション (uncrafted)
ホーミングエミッション零式,3857665729,PA,ホーミングエミッション (crafted)
インパクトスライダー,220056584,PA,インパクトスライダー
インパクトスライダー,1218987301,PA,インパクトスライダー (kick)
スニークシューター,220056777,PA,スニークシューター
グローリーレイン,1190704694,PA,Glorious Rain start
グローリーレイン,220056714,PA,グローリーレイン
パラレルスライダー,220057419,PA,パラレルスライダー
パラレルスライダー零式,3857649477,PA,パラレルスライダー零式
サテライトカノン,2295790933,PA,サテライトカノン (no charge)
サテライトカノン,2295790868,PA,サテライトカノン (half charge)
サテライトカノン,2295790295,PA,サテライトカノン (full charge)
エンドアトラクト,2285537842,PA,エンドアトラクト (no charge)
エンドアトラクト,2285537907,PA,エンドアトラクト (half charge)
エンドアトラクト,2285538736,PA,エンドアトラクト (full charge)
グラビティボム,3695311812,Special,グラビティボム
スタングレネード,506640607,Special,スタングレネード
ポイズントラップ,3727926333,Special,Poison Trap (Ra skill)
アッパートラップ,2460168075,Special,Upper trap (Ra skill)
バインドバレット,192041748,Special,Bind Bullet (Ra skill)
通常攻撃(ランチャー),594271163,Ranged,First
通常攻撃(ランチャー),594271098,Ranged,Second
通常攻撃(ランチャー),594270780,Ranged,Third
通常攻撃(ランチャー),2731320054,Ranged,Dive roll shoot
ミラージュショット,3433218069,Special,Mirage Shot (Ra skill)
パニックショット,1201754534,Special,Panic Shot (Ra skill)
ジェルンショット,2734794071,Special,Jellen Shot (Ra skill)
ディバインランチャー,2709160760,PA,ディバインランチャー
ディバインランチャー 零式,1445952978,PA,uncharged
ディバインランチャー 零式,1445953294,PA,charged
コンセントレイトワン,2709161692,PA,コンセントレイトワン
クラスターバレット,2709161629,PA,クラスターバレット
クラッカーバレット,2219649314,PA,クラッカーバレット (multiヒット)
クラッカーバレット,2709161566,PA,クラッカーバレット (final)
ゼロディスタンス,2709161503,PA,ゼロディスタンス
ロデオドライブ,2219642677,PA,ロデオドライブ
ロデオドライブ,2219641904,PA,Rodeo Drive air start hit
ロデオドライブ零式,2419129261,PA,Rodeo Drive (type-0) ride
ロデオドライブ零式,3817341497,PA,Rodeo Drive (type-0) finisher uncharged
ロデオドライブ零式,3817342330,PA,Rodeo Drive (type-0) finisher charged
クレイジースマッシュ,2709161368,PA,クレイジースマッシュ (direct enemy)
フェイクシルエット,2219699734,PA,フェイクシルエット
フレイムバレット,2709161242,PA,フレイムバレット
コスモスブレイカー,2219596384,PA,コスモスブレイカー
スフィアイレイザー,2219595324,PA,スフィアイレイザー
通常攻撃(TMG),3132894402,Ranged,First attack (4x) 0 gear
通常攻撃(TMG),3132894403,Ranged,1 gear
通常攻撃(TMG),3132894401,Ranged,2 gear
通常攻撃(TMG),3132894400,Ranged,3 gear
通常攻撃(TMG),1923738865,Ranged,Second attack (4x) 0 gear
通常攻撃(TMG),1923738870,Ranged,1 gear
通常攻撃(TMG),1923738868,Ranged,2 gear
通常攻撃(TMG),1923738871,Ranged,3 gear
通常攻撃(TMG),1901223401,Ranged,Third attack (5x) 0 gear
通常攻撃(TMG),1901223406,Ranged,1 gear
通常攻撃(TMG),1901223404,Ranged,2 gear
通常攻撃(TMG),1901223407,Ranged,3 gear
通常攻撃(TMG),2297353124,Ranged,Dive roll shoot 0 gear
通常攻撃(TMG),2297352795,Ranged,1 gear
通常攻撃(TMG),2297352794,Ranged,2 gear
通常攻撃(TMG),2297352793,Ranged,3 gear
通常攻撃(TMG),2594009166,Ranged,S-roll shoot 0 gear
通常攻撃(TMG),2594009167,Ranged,1 gear
通常攻撃(TMG),2594009160,Ranged,2 gear
通常攻撃(TMG),2594009161,Ranged,3 gear
エリアルシューティング,891590654,PA,Aerial shooting (uncharged kick) 0 gear
エリアルシューティング,891590641,PA,1 gear
エリアルシューティング,891590640,PA,2 gear
エリアルシューティング,891590643,PA,3 gear
エリアルシューティング,4004748150,PA,Aerial shooting (charged launch) 0 gear
エリアルシューティング,4004748151,PA,1 gear
エリアルシューティング,4004748144,PA,2 gear
エリアルシューティング,4004748145,PA,3 gear
エリアルシューティング,4004760231,PA,Aerial shooting (first air hit) 0 gear
エリアルシューティング,4004760230,PA,1 gear
エリアルシューティング,4004760225,PA,2 gear
エリアルシューティング,4004760224,PA,3 gear
エリアルシューティング,4004772370,PA,Aerial shooting (second air hit) 0 gear
エリアルシューティング,4004772369,PA,1 gear
エリアルシューティング,4004772368,PA,2 gear
エリアルシューティング,4004772375,PA,3 gear
バレットスコール,3463411283,PA,Bullet Squall start (uncrafted) 0 gear
バレットスコール,3463411282,PA,1 gear
バレットスコール,3463411293,PA,2 gear
バレットスコール,3463411292,PA,3 gear
バレットスコール,443425897,PA,Bullet Squall shots (uncrafted) 0 gear
バレットスコール,443425896,PA,1 gear
バレットスコール,443425899,PA,2 gear
バレットスコール,443425898,PA,3 gear
デッドアプローチ,232817712,PA,Dead Approach 0 gear
デッドアプローチ,232817719,PA,1 gear
デッドアプローチ,232817718,PA,2 gear
デッドアプローチ,232817717,PA,3 gear
メシアタイム,3991628327,PA,Messiah Time (every shot) 0 gear
メシアタイム,3991628324,PA,1 gear
メシアタイム,3991628325,PA,2 gear
メシアタイム,3991628330,PA,3 gear
インフィニティファイア,3134942095,PA,Infinite Fire (initial volley) 0 gear
インフィニティファイア,3134942094,PA,1 gear
インフィニティファイア,3134942093,PA,2 gear
インフィニティファイア,3134942092,PA,3 gear
インフィニティファイア,879653107,PA,Infinite Fire (final volley) 0 gear
インフィニティファイア,879653104,PA,1 gear
インフィニティファイア,879653105,PA,2 gear
インフィニティファイア,879653110,PA,3 gear
インフィニティファイア零式,1612843143,PA,Infinite Fire craft 0 gear shots
インフィニティファイア零式,2004097432,PA,kick
インフィニティファイア零式,1345025835,PA,final blast
インフィニティファイア零式,1612843192,PA,1 gear shots
インフィニティファイア零式,2004097433,PA,kick
インフィニティファイア零式,1345025834,PA,final blast
インフィニティファイア零式,1612843193,PA,2 gear shots
インフィニティファイア零式,2004097434,PA,kick
インフィニティファイア零式,1345025833,PA,blast
インフィニティファイア零式,1612843194,PA,3 gear shots
インフィニティファイア零式,2004097435,PA,kick
インフィニティファイア零式,1345025832,PA,final blast
サテライトエイム,1770510361,PA,Satellite Aim (hit 1) 0 gear
サテライトエイム,1770510366,PA,1 gear
サテライトエイム,1770510367,PA,2 gear
サテライトエイム,1770510364,PA,3 gear
サテライトエイム,2273182629,PA,Satellite Aim (hit 2) 0 gear
サテライトエイム,2273181786,PA,1 gear
サテライトエイム,2273181787,PA,2 gear
サテライトエイム,2273181784,PA,3 gear
サテライトエイム,1564855959,PA,Satellite Aim Battle Arena (hit 1)
サテライトエイム,3894802376,PA,Satellite Aim Battle Arena (hit 2)
エルダーリベリオン,1108337397,PA,Elder Rebellion (5 hits) 0 gear
エルダーリベリオン,1108337396,PA,1 gear
エルダーリベリオン,1108337395,PA,2 gear
エルダーリベリオン,1108337394,PA,3 gear
エルダーリベリオン,4042421111,PA,Elder Rebellion (2 blasts) 0 gear
エルダーリベリオン,4042421110,PA,1 gear
エルダーリベリオン,4042421105,PA,2 gear
エルダーリベリオン,4042421104,PA,3 gear
エルダーリベリオン,3412194152,PA,Elder Rebellion (final blast) 0 gear
エルダーリベリオン,3412194159,PA,1 gear
エルダーリベリオン,3412194158,PA,2 gear
エルダーリベリオン,3412194157,PA,3 gear
リバースタッブ,1550097800,PA,Reverse tap 0 gear
リバースタッブ,1550097807,PA,1 gear
リバースタッブ,1550097806,PA,2 gear
リバースタッブ,1550097805,PA,3 gear
ヒールスタッブ,2371693862,PA,Heel Stab (first kick) 0 gear
ヒールスタッブ,2371693863,PA,1 gear
ヒールスタッブ,2371693860,PA,2 gear
ヒールスタッブ,2371693861,PA,3 gear
ヒールスタッブ,4134662873,PA,Heel Stab (uncharged second) 0 gear
ヒールスタッブ,4134662878,PA,1 gear
ヒールスタッブ,4134662879,PA,2 gear
ヒールスタッブ,4134662876,PA,3 gear
ヒールスタッブ,1163390941,PA,Heel Stab (charged second) 0 gear
ヒールスタッブ,1163390930,PA,1 gear
ヒールスタッブ,1163390931,PA,2 gear
ヒールスタッブ,1163390928,PA,3 gear
ヒールスタッブ,148870087,PA,Heel Stab (charged volley) 0 gear
ヒールスタッブ,148870086,PA,1 gear
ヒールスタッブ,148870081,PA,2 gear
ヒールスタッブ,148870080,PA,3 gear
シフトピリオド,3102409757,PA,Shift Period 0 gear
シフトピリオド,3102409758,PA,シフトピリオド 1 gear
シフトピリオド,3102409759,PA,シフトピリオド 2 gear
シフトピリオド,3102409728,PA,Shift Period 3 gear
シフトピリオド,2107489028,PA,Shift Period 0 gear
シフトピリオド,2107489029,PA,Shift Period 1 gear
シフトピリオド,2107489030,PA,シフトピリオド 2 gear
シフトピリオド,2107489031,PA,Shift Period 3 gear
シフトピリオド,2928127116,PA,Shift Period 0 gear
シフトピリオド,2928127107,PA,Shift Period 1 gear
シフトピリオド,2928127106,PA,シフトピリオド 2 gear
シフトピリオド,2928127105,PA,Shift Period 3 gear
シフトピリオド,4206265008,PA,Shift Period 0 gear
シフトピリオド,4206265011,PA,Shift Period 1 gear
シフトピリオド,4206265010,PA,シフトピリオド 2 gear
シフトピリオド,4206265013,PA,Shift Period 3 gear
シフトピリオド,2869490729,PA,Shift Period 0 gear final shot
シフトピリオド,2869490728,PA,Shift Period 1 gear final shot
シフトピリオド,2869490902,PA,シフトピリオド 2 gear final shot
シフトピリオド,2869490903,PA,Shift Period 3 gear final shot
グリムバラージュ,896218141,PA,Grim Barrage 0 gear
グリムバラージュ,896218140,PA,1 gear
グリムバラージュ,896218139,PA,2 gear
グリムバラージュ,896218138,PA,3 gear
グリムバラージュ,1235843178,PA,Grim Barrage (part 2) 0 gear
グリムバラージュ,1235843181,PA,1 gear
グリムバラージュ,1235843180,PA,2 gear
グリムバラージュ,1235843183,PA,3 gear
通常攻撃(ジェットブーツ),3540874879,Melee,First Attack
通常攻撃(ジェットブーツ),2778548652,Melee,Second Attack
通常攻撃(ジェットブーツ),3614558463,Melee,Third Attack
ステアタ(ジェットブーツ),798466786,Melee,ステップアタック
通常攻撃(ジェットブーツ),2184540187,Melee,Shift Action
通常攻撃(ジェットブーツ),747815998,Special,Jump hit (Fire)
通常攻撃(ジェットブーツ),1254493977,Special,Jump hit (Ice)
通常攻撃(ジェットブーツ),3280158646,Special,Jump hit (Lightning)
通常攻撃(ジェットブーツ),2954183594,Special,Jump hit (Wind)
通常攻撃(ジェットブーツ),1853582271,Special,Jump hit (Light)
通常攻撃(ジェットブーツ),580662444,Special,Jump hit (Dark)
エレメンタルバースト,844099599,Special,Fire Elemental Burst (Bo skill)
エレメンタルバースト,436531970,Special,Ice Elemental Burst (Bo skill)
エレメンタルバースト,3183103116,Special,Lightning Elemental Burst (Bo skill)
エレメンタルバースト,3999693063,Special,Wind Elemental Burst (Bo skill)
エレメンタルバースト,1812915089,Special,Light Elemental Burst (Bo skill)
エレメンタルバースト,606506553,Special,Dark Elemental Burst (Bo skill)
ストライクガスト,2440471691,PA,ストライクガスト (uncharged first two)
ストライクガスト,3982071982,PA,ストライクガスト (uncharged final)
ストライクガスト,2049018178,PA,ストライクガスト (half charge first three)
ストライクガスト,2476784422,PA,ストライクガスト (half charge final)
ストライクガスト,1301043509,PA,ストライクガスト (charged first four)
ストライクガスト,3955365271,PA,ストライクガスト (final)
ストライクガスト,3088217635,PA,ストライクガスト (interrupt)
ストライクガスト零式,2869687889,PA,Strike Gust (Type-0) first charge shift action
ストライクガスト零式,1071365573,PA,?
ストライクガスト零式,452976794,PA,interrupt ?
ストライクガスト零式,1462163353,PA,?
ストライクガスト零式,1808168665,PA,interrupt ?
グランウェイヴ,424716447,PA,グランウェイヴ (first kick)
グランウェイヴ,3764244857,PA,グランウェイヴ (kick volle)
グランウェイヴ,228498928,PA,Gran Wave final kick
グランウェイヴ,147222821,PA,グランウェイヴ (interrupt)
モーメントゲイル,1327336062,PA,モーメントゲイル
モーメントゲイル,4236946851,PA,モーメントゲイル (interrupt part 1)
ヴィントジーカー,4124802045,PA,Vinto (explode)
ヴィントジーカー,2398433897,PA,Vinto (explode any gear)
ヴィントジーカー,3958422470,PA,Vinto (kick)
ヴィントジーカー,1528400162,PA,Vinto (kick half gear)
ヴィントジーカー,3849186397,PA,Vinto Gigue (full gear explosion)
ヴィントジーカー,598735040,PA,Vinto (kick full gear)
通常攻撃(タクト),4065469038,Melee,Baton attack
通常攻撃(ワンダ),2785585589,Melee,Wanda auto-attack 1
通常攻撃(ワンダ),2785585652,Melee,Wanda auto-attack 2
通常攻撃(ワンダ),2785585714,Melee,Wanda auto-attack 3
ワンダアサルト,933681441,PA,ワンダアサルト
ワンダブレイク,3960069561,PA,ワンダブレイク
ワンダショック,3960069496,PA,ワンダショック
ワンダパルサー,933701936,PA,ワンダパルサー
ワンダパルサー,4223323079,PA,ワンダパルサー
ワンダスライサー,2918501417,PA,ワンダスライサー
ワンダスライサー,2918501480,PA,ワンダスライサー
通常攻撃(ジンガ),2981353400,Melee,Jinga first normal attack
通常攻撃(ジンガ),2981353465,Melee,Jinga second normal attack
通常攻撃(ジンガ),2981351487,Melee,Jinga third normal attack
ジンガスライサー,3467827123,PA,広範囲にわたる素早い双撃で数多の敵を同時に攻撃する。
ジンガスライサー,3467827186,PA,2 hit
ジンガショック,2252116314,PA,閃光を伴う衝撃波を発生させ敵の目をくらませ、足止めをする。
ジンガブレイク,2252115978,PA,円を描くような、強力な一撃を放つ。範囲は狭いが、周囲の敵をなぎ倒せる。
ジンガパルサー,3369486556,PA,跳ねるように敵を突き上げて攻撃する。ヒットした敵に持続ダメージが発生。
ジンガパルサー,3606184590,PA,Dot
ジンガアサルト,3369572495,PA,フォトンをまとい、ジグザグに突撃しその後、プレイヤーの元へと戻る。
通常攻撃(トリム),487482498,Melee,Torim auto-attack 1
通常攻撃(トリム),487482435,Melee,Torim auto-attack 2
通常攻撃(トリム),487489051,Melee,Torim auto-attack 3
トリムスタッブ,4093858806,PA,トリムスタッブ
トリムスパイラル,2211899418,PA,トリムスパイラル (uncharged)
トリムスパイラル,2211899483,PA,トリムスパイラル (charge lv.1)
トリムスパイラル,926005986,PA,トリムスパイラル (charge lv.1 shout buff)
トリムスパイラル,2211900312,PA,トリムスパイラル (charge lv.2)
トリムスパイラル,926861457,PA,トリムスパイラル (charge lv.2 shout buff)
トリムバレット,4238918472,PA,トリムバレット shout buff dot
トリムバレット,4238918539,PA,トリムバレット Dot
トリムバレット,2052351310,PA,トリムバレット Hit 1
トリムバレット,672081019,PA,トリムバレット  Hit 2
トリムシャウト,4093858743,PA,トリムシャウト
トリムスラッシュ,4093858613,PA,トリムスラッシュ
トリムスラッシュ,672024361,PA,トリムスラッシュ shout buff
通常攻撃(エアロ),37070160,Melee,Aero first normal attack
通常攻撃(エアロ),37070227,Melee,Aero second normal attack
通常攻撃(エアロ),37070290,Melee,Aero third normal attack
エアロシャウト,772156432,PA,咆哮と共に気合を溜める。一定時間特定のフォトンアーツの威力が上がる。
エアロスタッブ,772155588,PA,瞬時に敵に近づき、体当たりで攻撃。攻撃と同時に敵の反対側へ回る。
エアロスラッシュ,772155525,PA,双翼のフォトンによる連続攻撃を行う。幾重にも渡る翼撃は敵を切り刻む。
エアロスラッシュ,88413264,PA,shout
エアロスパイラル,4119800976,PA,力を溜め、必殺の一撃を放つ。(uncharged)
エアロスパイラル,4119798486,PA,(charge lv.1)
エアロスパイラル,663625842,PA,(charge lv.1 shock wave)
エアロスパイラル,3404526192,PA,(charge lv.1 shout buff)
エアロスパイラル,2888644253,PA,(charge lv.1 shock wave shout buff)
エアロスパイラル,4119798295,PA,(charge lv.2)
エアロスパイラル,647460626,PA,(charge lv.2 shock wave)
エアロスパイラル,3404513889,PA,(charge lv.2 shout buff)
エアロスパイラル,1798066999,PA,(charge lv.2 shock wave shout buff)
エアロバレット,2572277765,PA,宙返りと共に羽根弾を発射する。その後、プレイヤーの元へと戻る。
エアロバレット,88471088,PA,Hit1
エアロバレット,3446126836,PA,Hit2
エアロバレット,3446127031,PA,shout buff dot
通常攻撃(サリィ),639929291,Melee,Cery auto-attack 1
サリィプロード,2156897712,PA,サリィプロード
サリィ/ポップルテリトリー,493814577,PA,サリィテリトリー
サリィ/ポップルテリトリー,493814640,PA,サリィテリトリー
サリィカース,3581010262,PA,サリィカース
サリィフォール,385030021,PA,サリィフォール
サリィチェイサー,385050960,PA,サリィチェイサー
通常攻撃(ポップル),578161427,Melee,popple
ポップルプロード,2622073432,PA,凝縮されたフォトン炸裂弾を発射する。ボタンホールドでチャージ可能。
ポップルプロード,850642716,PA,charge
ポップルフォール,1711861634,PA,フォトンによる重力場を形成し 敵を捕らえ、行動を阻害する。
ポップルチェイサー,1711859717,PA,敵をなぎ倒して進む追尾弾を発射する。弾速は速いが、持続性は低い。
ポップルカース,3737792897,PA,ジェルン効果を持つ追尾弾を敵へ放つ。ジェルンは攻撃力を低下させる。
通常攻撃(マロン),2944355330,Melee,Marron auto-attack 1
通常攻撃(マロン),2944352598,Melee,Marron auto-attack 2
通常攻撃(マロン),2944352663,Melee,Marron auto-attack 3
マロンストライク,3595323408,PA,Marron Strike 0～2 hit
マロンストライク,3595323990,PA,Marron Strike 3～5 hit
マロンストライク,3595323799,PA,Marron Strike 6 hit (Max)
マロンストライク(暴発),4118650930,PA,Maron Strike explosion
マロンブレイク,115059488,PA,Marron Break
マロンチェイサー,115059427,PA,Marron Chaser
マロンカース,1099252288,PA,Marron Curse Hit
マロンカース,1102156943,PA,Marron  Curse Dot
通常攻撃(メロン),2920779330,Melee,Melon auto-attack 1
通常攻撃(メロン),2920778756,Melee,Melon auto-attack 2
通常攻撃(メロン),2920778949,Melee,Melon auto-attack 3
メロンストライク,3889466000,PA,Melon Strike 0 hit
メロンストライク,3889465937,PA,Melon Strike 1 hit
メロンストライク,3889465879,PA,Melon Strike 2 hit (Max)
メロンストライク(暴発),1160289435,PA,Melon Strike explosion
メロンブレイク,3771080959,PA,Melon Break
メロンチェイサー,3771080766,PA,Melon Chaser
メロンカース,745748621,PA,Melon Curse Hit
メロンカース,745791480,PA,Melon Curse Dot
マロン&メロン爆発死,3460765776,Damage,ストライク後のペットをkillするダメージ
通常攻撃(ラッピー),2042365716,Melee,Rappy (pet) normal attack
ラッピーメロディー,3463249617,PA,Rappy Melody attack (pet)
ラッピーメロディー,12316684,PA,Rappy Melody heal (pet)
ラッピードロップ,1380676151,PA,Rappy Drop (pet)
ラッピーキャノン,1380677110,PA,Rappy Cannon (pet)
ラッピーソニック,401389881,PA,Rappy Sonic (pet)
ラッピーエンド,1793658679,PA,Rappy End stage 1 (pet)
ラッピーエンド,1793658742,PA,Rappy End stage 2 (pet)
ラッピーエンド,1793658549,PA,Rappy End stage 3 (pet)
通常攻撃(ヴィオラ),1596394370,Melee,ヴィオラ first normal attack
通常攻撃(ヴィオラ),1596394307,Melee,ヴィオラ second normal attack
通常攻撃(ヴィオラ),1596393984,Melee,ヴィオラ third normal attack
ヴィオラスライサー,4259075413,PA,ヴィオラスライサー first hit
ヴィオラスライサー,4259075094,PA,ヴィオラスライサー second hit
ヴィオラアサルト,555201499,PA,ヴィオラアサルト
ヴィオラスタンプ,555203454,PA,ヴィオラスタンプ
ヴィオラスタンプ,4244643339,PA,ヴィオラスタンプ hard hit
ヴィオラパルサー,555201434,PA,ヴィオラパルサー first hit
ヴィオラパルサー,201300655,PA,ヴィオラパルサー DoT
ヴィオラスライサー,2643918256,PA,ヴィオラスライサー first hit (ヴィオラチェンジ version)
ヴィオラスライサー,2643918193,PA,ヴィオラスライサー second hit (ヴィオラチェンジ version)
ヴィオラアサルト,4235149933,PA,ヴィオラアサルト (ヴィオラチェンジ version)
ヴィオラスタンプ,4259879100,PA,ヴィオラスタンプ (ヴィオラチェンジ version)
ヴィオラスタンプ,375503608,PA,ヴィオラスタンプ hard hit (ヴィオラチェンジ version)
ヴィオラパルサー,4234893896,PA,ヴィオラパルサー first hit (ヴィオラチェンジ version)
ヴィオラパルサー,444146511,PA,ヴィオラパルサー DoT (ヴィオラチェンジ version)
通常攻撃(シンクロウ),1147655708,Melee,シンクロウ first normal attack
通常攻撃(シンクロウ),1147655711,Melee,Shinkurou second normal hit
通常攻撃(シンクロウ),1147655710,Melee,Shinkurou third normal hit
シンクロウザン,2368496396,PA,Synchro Zan
シンクロウザン,932657263,PA,Synchro Zan PA succession
シンクロウキャク,2368496330,PA,Synchro Kyaku
シンクロウキャク,1954712103,PA,Synchro Kyaku PA succession
シンクロウケン,2368496267,PA,Synchro Ken
シンクロウケン,3201748996,PA,Synchro Ken PA succession
シンクロウダン,2368496200,PA,Synchro Dan
シンクロウダン,4256887742,PA,Synchro Dan PA succession
シンクロウゲキ,2905893090,PA,Synchro Geki
シンクロウゲキ,2905888420,PA,Synchro Geki 2 PA succession
シンクロウゲキ,2905888357,PA,Synchro Geki 3 PA succession
シンクロウゲキ,2905888294,PA,Synchro Geki 4 PA succession
通常攻撃(レドラン),2131775436,Melee,Ledran normal attack
レドランレーザー,1219413769,PA,Ledran Laser 1-3 lock-on
レドランレーザー,1219413832,PA,Ledran Laser 4-7 lock-on
レドランレーザー,1219413643,PA,Ledran Laser 8 lock-on
レドランスラッシュ,4244805011,PA,Ledran Slash
レドランマイン,4244805205,PA,Ledran Mine hit
レドランマイン,1312015390,PA,Ledran Mine explosion
レドランバースト,1282005173,PA,Ledran Burst 1-3 balls
レドランバースト,1282005238,PA,Ledran Burst 4-7 balls
レドランバースト,1282005047,PA,Ledran Burst 8 balls
通常攻撃(ヒーローソード),2444771520,Melee,Hero Sword first normal attack,Hr
通常攻撃(ヒーローソード),2444771715,Melee,Hero Sword second normal attack,Hr
通常攻撃(ヒーローソード),2832347180,Melee,Hero Sword third normal attack first hit,Hr
通常攻撃(ヒーローソード),2832347245,Melee,Hero Sword third normal attack second hit,Hr
通常攻撃(ヒーローソード),2441204331,Melee,Hero Sword first normal attack air,Hr
通常攻撃(ヒーローソード),2441204394,Melee,Hero Sword second normal attack air,Hr
通常攻撃(ヒーローソード),3756260250,Melee,Hero Sword third normal attack first hit air
通常攻撃(ヒーローソード),3756260700,Melee,Hero Sword third normal attack second hit air
ステアタ(ヒーローソード),2448594388,Melee,Hero Sword Step Attack
ステアタ(ヒーローソード),2094998893,Melee,Hero Sword Step Attack after dodge
気弾,3043390195,Special,Hero Sword Weapon Action no charge
気弾,4293352220,Special,Hero Sword Weapon Action charge lv.1
気弾,669993200,Special,Hero Sword Weapon Action charge lv.2
ライジングスラッシュ,717168700,PA,Rising Slash start
ライジングスラッシュ,1830196905,PA,Rising Slash slashes
ライジングスラッシュ,3710313763,PA,Rising Slash final part first hit
ライジングスラッシュ,3710313824,PA,Rising Slash final part second hit
ライジングスラッシュ,2089764912,PA,Rising Slash final part final hit
ライジングスラッシュ,718899304,PA,Rising Slash start air
ブライトネスエンド,718820347,PA,Brightness End first hit
ブライトネスエンド,346766635,PA,Brightness End slash
フラッシュオブトリック,715425742,PA,Flash Trick weapon hit
フラッシュオブトリック,715424670,PA,Flash Trick finish
ヴェイパーオブバレット,673837877,PA,Vapor Bullet
通常攻撃(ヒーロータリス),3317919827,Ranged,Hero Talis first normal attack
通常攻撃(ヒーロータリス),3317921051,Ranged,Hero Talis second normal attack
通常攻撃(ヒーロータリス),3317921242,Ranged,Hero Talis third normal attack
マーキング(ヒーロータリス),1159592166,Ranged,Hero Talis Weapon Action hit
ステアタ(ヒーロータリス),3318755300,Ranged,Hero Talis Step Attack
ステアタ(ヒーロータリス),1089593935,Ranged,Hero Talis Step Attack after dodge
ステアタ(ヒーロータリス),4105920492,Ranged,Hero Talis Step Attack after dodge
ジェットホイール,1736785343,PA,Jet Wheel talis hit(s)
ジェットホイール,3161437904,PA,Jet Wheel aoe
ジェットホイール,2852176964,PA,Jet Wheel when switched to Sword
ジェットホイール,2852180670,PA,Jet Wheel when switched to TMG
ワイズハウンド,209487851,PA,Wise Hound
ワイズハウンド,507041974,PA,Wise Hound when switched to Sword
ワイズハウンド,507041839,PA,Wise Hound when switched to TMG
ダイブオブバレット,1342643252,PA,Dive of Bullet
レーサーオブエッジ,1422891855,PA,Racer Edge
通常攻撃(ヒーローTMG),1403081519,Ranged,Hero TMG normal attack,Hr
ステアタ(ヒーローTMG),2834748182,Ranged,Hero TMG Step Attack,Hr
ステアタ(ヒーローTMG),1905792389,Ranged,Hero TMG Step Attack after dodge,Hr
ブランニュースター,2832005595,PA,Brand New Star,Hr
ブランニュースター,1399183080,PA,Brand New Star after dodge,Hr
ファイナルストーム,2832005530,PA,Final Storm,Hr
セカンドオブエッジ,2832005465,PA,Second Edge,Hr
モーメントオブトリック,2832005400,PA,Moment Trick,Hr
武器切り替え(ヒーローソード),2817683590,Melee,Switch to Sword,Hr
武器切り替え(ヒーロータリス),1591095807,Ranged,Switch to Talis,Hr
武器切り替え(ヒーローTMG),2461200579,Ranged,Switch to TMG,Hr
HTF (ヒーローソード),2268332858,Special,Hero Time Sword slashes,Hr
HTF (ヒーローソード),170999070,Special,Hero Time Sword finish,Hr
HTF (ヒーローソード),2268332813,Special,Hero Time Sword finish hard hit,Hr
HTF (ヒーロータリス),1266101764,Special,Hero Time Talis pull-in,Hr
HTF (ヒーロータリス),11556353,Special,Hero Time Talis slashes,Hr
HTF (ヒーロータリス),1233721870,Special,Hero Time Talis slashes while switched to Sword,Hr
HTF (ヒーロータリス),1233722348,Special,Hero Time Talis slashes while switched to TMG,Hr
HTF (ヒーローTMG),3480338695,Special,Hero Time TMG burst,Hr
ネクストジャンプ,3274240781,Special,Next Jump (Hero's double jump)
打撃/アタック,2667138551,Special,Mag action (S-ATK Attack)
打撃/ブロー,3296842070,Special,Mag action (S-ATK Blow)
打撃/アッパー,546125641,Special,Mag action (S-ATK Upper)
射撃/炎通常弾,1810252617,Special,Mag action (R-ATK Fire Bullet)
射撃/氷通常弾,1509329819,Special,Mag action (R-ATK Ice Bullet)
射撃/雷通常弾,887429903,Special,Mag action (R-ATK Lightning Bullet)
射撃/風通常弾,1747262548,Special,Mag action (R-ATK Wind Bullets)
射撃/光通常弾,3303318723,Special,Mag action (R-ATK Light Bullet)
射撃/闇通常弾,1811866223,Special,Mag action (R-ATK Dark Bullet)
射撃/炎貫通弾,183890233,Special,Mag action (R-ATK Piercing Fire Bullet)
射撃/氷貫通弾,3146527639,Special,Mag action (R-ATK Piercing Ice Bullet)
射撃/雷貫通弾,2042405421,Special,Mag action (R-ATK Piercing Lightning Bullet)
射撃/風貫通弾,195905495,Special,Mag action (R-ATK Piercing Wind Bullet)
射撃/光貫通弾,2373460025,Special,Mag action (R-ATK Piercing Light Bullet)
射撃/闇貫通弾,196570118,Special,Mag action (R-ATK Piercing Dark Bullet)
射撃/炎炸裂弾,867373469,Special,Mag action (R-ATK Exploding Fire Bullet)
射撃/氷炸裂弾,1542931456,Special,Mag action (R-ATK Exploding Ice Bullet)
射撃/雷炸裂弾,3126711672,Special,Mag action 雷炸裂弾(R-ATK/Exploding Lightning Bullet)
射撃/風炸裂弾,1687392375,Special,Mag action (R-ATK Exploding Wind Bullet)
射撃/光炸裂弾,649064981,Special,Mag action (R-ATK Exploding Light Bullet)
射撃/闇炸裂弾,2364012448,Special,Mag action (R-ATK Exploding Dark Bullet)
法撃/フォイエ,1049123664,Special,Mag action (T-ATK Foie)
法撃/バータ,3760306129,Special,Mag action (T-ATK Barta)
法撃/ゾンデ,4075390095,Special,Mag action (T-ATK Zonde)
法撃/ザン,912617849,Special,Mag action (T-ATK Zan)
法撃/グランツ,1886571787,Special,Mag action (T-ATK Grants)
法撃/メギド,1059126347,Special,Mag action (T-ATK Megid)
SP打撃/乱舞,3104220402,Special,Mag action - 乱舞(S-ATK SP/Clobber)
SP射撃/速射,4205203418,Special,Mag action - 速射(R-ATK SP/Vulcan)
ヘリクス・プロイ,2004640116,Special,PB Helix Proi 0+1+2-chain
ヘリクス・プロイ,1792224906,Special,PB Helix Proi 3-chain
ヘリクス・イメラ,1075221526,Special,PB Helix Imera aoe attack 0-chain
ヘリクス・イメラ,1817839236,Special,PB Helix Imera first hit 1++-chain
ヘリクス・イメラ,3826344072,Special,PB Helix Imera aoe attack 1+2-chain
ヘリクス・イメラ,4211237222,Special,PB Helix Imera aoe attack 3-chain           
ヘリクス・ニフタ,3903398021,Special,PB Helix Nykta horn hit 0+1-chain
ヘリクス・ニフタ,823402941,Special,PB Helix Nykta horn hit 2+3-chain
ヘリクス・ニフタ,3627456031,Special,PB Helix Nykta landing hit 0+1-chain
ヘリクス・ニフタ,2415309454,Special,PB Helix Nykta landing hit 2+3-chain
アイアス・プロイ,718460570,Special,PB Ajax Proi 0+1+2-chain
アイアス・プロイ,498592293,Special,PB Ajax Proi 3-chain
アイアス・イメラ,4274907792,Special,PB Ajax Imera 0+1+2-chain
アイアス・イメラ,2379589576,Special,PB Ajax Imera 3-chain
アイアス・ニフタ,3512301214,Special,PB Ajax Nykta first hit 0+1-chain
アイアス・ニフタ,1846509854,Special,PB Ajax Nykta first hit 2+3-chain
アイアス・ニフタ,3625928312,Special,PB Ajax Nykta second hit 0+1-chain
アイアス・ニフタ,2811060000,Special,PB Ajax Nykta second hit 2+3-chain
ケートス・プロイ,4277784487,Special,PB Ketos Proi 0+1+2+3-chain
ケートス・イメラ,430308113,Special,PB Ketos Imera 0-chain
ケートス・イメラ,413582417,Special,PB Ketos Imera 1-chain
ケートス・イメラ,4017106933,Special,PB Ketos Imera 2-chain
ケートス・イメラ,380422613,Special,PB Ketos Imera 3-chain
ケートス・ニフタ,1161221232,Special,PB Ketos Nykta 0+1-chain
ケートス・ニフタ,320287461,Special,PB Ketos Nykta 2-chain
ケートス・ニフタ,3929437971,Special,PB Ketos Nykta 3-chain
ユリウス・プロイ,2074769727,Special,PB Julius Proi 0-chain
ユリウス・プロイ,2074769724,Special,PB Julius Proi 1-chain
ユリウス・プロイ,2074769725,Special,PB Julius Proi 2-chain
ユリウス・プロイ,2074769722,Special,PB Julius Proi 3-chain
ユリウス・プロイ,2224628886,Special,PB Julius Proi final blast 0-chain
ユリウス・プロイ,2224628885,Special,PB Julius Proi final blast 1-chain
ユリウス・プロイ,2224628884,Special,PB Julius Proi final blast 2-chain
ユリウス・プロイ,2224628883,Special,PB Julius Proi final blast 3-chain
ユリウス・イメラ,3412523140,Special,PB Julius Imera 0-chain
ユリウス・イメラ,3412523139,Special,PB Julius Imera 1-chain
ユリウス・イメラ,3412523138,Special,PB Julius Imera 2-chain
ユリウス・イメラ,3412523137,Special,PB Julius Imera 3-chain
ユリウス・ニフタ,764702094,Special,PB Julius Nykta 0-chain
ユリウス・ニフタ,764702093,Special,PB Julius Nykta 1-chain
ユリウス・ニフタ,764702092,Special,PB Julius Nykta 2-chain
ユリウス・ニフタ,764702091,Special,PB Julius Nykta 3-chain
イリオス・プロイ,2814861617,Special,PB Ilios Proi 0-chain
イリオス・プロイ,2814861618,Special,PB Ilios Proi 1-chain
イリオス・プロイ,2814861619,Special,PB Ilios Proi 2-chain
イリオス・プロイ,2814861772,Special,PB Ilios Proi 3-chain
イリオス・イメラ,2207342095,Special,PB Ilios Imera 0-chain
イリオス・イメラ,2207302828,Special,PB Ilios Imera 0-chain final attack
イリオス・イメラ,2207342092,Special,PB Ilios Imera 1-chain
イリオス・イメラ,2207302829,Special,PB Ilios Imera 1-chain final attack
イリオス・イメラ,2207342093,Special,PB Ilios Imera 2-chain
イリオス・イメラ,2207302994,Special,PB Ilios Imera 2-chain final attack
イリオス・イメラ,2207342090,Special,PB Ilios Imera 3-chain
イリオス・イメラ,2207302995,Special,PB Ilios Imera 3-chain final attack
イリオス・ニフタ,4037912096,Special,PB Ilios Nykta 0-chain
イリオス・ニフタ,4037912097,Special,PB Ilios Nykta 1-chain
イリオス・ニフタ,4037912102,Special,PB Ilios Nykta 2-chain
イリオス・ニフタ,4037912103,Special,PB Ilios Nykta 3-chain
DB通常攻撃(エルダー),267911699,Melee,Dark Blast first hit
DB通常攻撃(エルダー),262346668,Melee,Dark Blast second
DB通常攻撃(エルダー),265285249,Melee,Dark Blast third
DB通常攻撃(エルダー),264996390,Melee,Dark Blast fourth (kick)
DB通常攻撃(エルダー),311089933,Melee,Dark Blast fifth (launcher)
DB通常攻撃(エルダー),3988916155,Melee,Dark Blast sixth (pummel)
DB通常攻撃(エルダー),265781051,Melee,Dark Blast seventh (pummel pt2)
DBステアタ(エルダー),3141577094,Melee,Dark Blast Step Attack
ヴァイオレンスステップ,2289473436,Melee,Dark Blast Violence Step
フィジカルダッシュ,517914866,PA,Physical Dash melee
フィジカルダッシュ,517914869,PA,Physical Dash melee wide range
パニッシュメントナックル,1117313539,PA,Punishment Knuckle
パニッシュメントナックル,1611279117,PA,Punishment Knuckle charged
アルティメットインパクト,3283361988,PA,Ultimate Impact
インフィニティラッシュ,1117313602,PA,Infinity Rush hits uncharged
インフィニティラッシュ,395090797,PA,Infinity Rush finish
インフィニティラッシュ,2429416220,PA,Infinity Rush hits charged
インフィニティラッシュ,1697271546,PA,Infinity Rush finish charged
タイラントストライク,1117313924,PA,Tyrant Strike
ブーストキック,85301614,Special,Tokyo speed-pad kick level 1
ブーストキック,85302964,Special,Tokyo speed-pad kick level 2 
ブーストキック,85303029,Special,Tokyo speed-pad kick level 3
ブーストキック,85301612,Special,Tokyo speed-pad kick level 1 on cars
ブーストキック,85302966,Special,Tokyo speed-pad kick level 2 on cars
ブーストキック,85303031,Special,Tokyo speed-pad kick level 3 on cars
Ridroid,3491866260,Special,ライドロイド射出
Ridroid,2056025809,Special,ライドロイド normal 通常 wip
Ridroid,2534881408,Special,ライドロイド hit forward stop
Ridroid,2600476838,Special,ライドロイド 緊急回避
Ridroid,1247666429,Special,ライドロイド ジャストタイミングブースト
Ridroid,3750571080,Special,ライドロイド UFO ?
Ridroid,3642240295,Special,ライドロイド UFO core ?
Ridroid,651750924,Special,Big UFO hit?
Ridroid,2452463220,Special,something relating to big ufo and rideroid
Ridroid,1732461796,Special,something relating to big ufo and rideroid
Ridroid,3809261131,Special,something relating to big ufo and rideroid
Ridroid,1876785244,Special,Rideroid auto-attack (Mother phase 1)
Ridroid(ホーミングミサイル),3765765641,Special,Rideroid rockets (Mother phase 1)
Ridroid(スピンアタック),3642969286,Special,Rideroid barrel roll (Mother phase 1)
Ridroid(スピンアタック),1258041436,Special,Rideroid Mother's wall spun back (Mother phase 1)
エネルギーリング,645891880,Special,ライドロイド エネルギーリング
モノメイト,2925757257,Special,Monomate (Automate Halfline/Deadline also uses this)
ディメイト,2925757256,Special,Dimate (Automate Halfline/Deadline also uses this)
トリメイト,2925757259,Special,Trimate (Automate Halfline/Deadline also uses this)
スターアトマイザー,2925757249,Special,Star Atomizer
リカバリーポッド,633660526,Special,Recovery Pod (found before bosses & リカバリーポッド)
回復ポッド,458852839,Special,Restoration Pod (random spawn on maps & 回復ポッド)
ヒーリングガード,662646057,Special,Healing Guard (Hu skill)
インジュリー,140040,Special,'Wound' state ending (Limit Break/PP Convert & Bayaribbles/Guar-Zigmorde/Hunar/Blu Ringahda/Viel all inflict this)
ジャストリバーサルカバー,2440029502,Special,Just Reversal Cover (Br skill)
ジャストリバーサルブラスト,3580699874,Special,Just Reversal B ring
ヒールシェア,2616315751,Special,Heal Share (Bo skill)
HP吸収,893379015,Special,Vampiric Blade/Celestial Bullet/Megiverse all belong here
弧月蝕,2608912395,Special,Lunar Eclipse (Weapon Potential)
飛斬翔刃,3065779197,Special,斬撃(フォームシリーズ)(Weapon Potential)
飛斬翔刃,3065779131,Special,斬撃(フォームシリーズ)(Weapon Potential)
飛斬翔刃,3065778236,Special,斬撃(フォームシリーズ)(Weapon Potential)
飛斬翔刃,1195472353,Special,Dissipating Wave　(Rod?) (Form/Vades series) (Weapon Potential)
飛斬翔刃,1195472288,Special,Dissipating Wave　(Rod?) (Form/Vades series) (Weapon Potential)
飛斬翔刃,1195474500,Special,Dissipating Wave　(Rod?) (Form/Vades series) (Weapon Potential)
飛斬翔刃,2738251077,Special,Dissipating Wave (Etoile) first normal attack (Form/Vades series) (Weapon Potential)
飛斬翔刃,2924000350,Special,Dissipating Wave (Etoile) second normal attack (Form/Vades series) (Weapon Potential)
飛斬翔刃,2029349838,Special,Dissipating Wave (Etoile) third normal attack (Form/Vades series) (Weapon Potential)
未知なる魔杖,4139628318,Special,Mysterious Conjurer (Lavis Cannon) (weapon Potential)
DS かまいたち(クヴェレ),1054020189,Special,14ダブルセイバークヴェレスカーレット
DS かまいたち(クヴェレ),1054020252,Special,14ダブルセイバークヴェレスカーレット
DS かまいたち(クヴェレ),1054023161,Special,14ダブルセイバークヴェレスカーレット
古の針散弾,2482321781,Special,14アサルトライフルスプレッドニードル
古の針散弾,3918796978,Special,14アサルトライフルスプレッドニードル(ファントム)
四連石榴,3191508501,Special,14ランチャーヤスミノコフ4000FJ
四連石榴,3193149642,Special,14ランチャーヤスミノコフ4000FJ
四連石榴,3193417863,Special,14ランチャーヤスミノコフ4000FJ
ダイブロールシュート(四連石榴),3569343302,Ranged,Quadruple Grenade (Dive Roll Shoot) (Yasminkov 4000FJ) (Weapon Potential)
追撃の輝弓,2512505424,Special,Auxiliary Dart (Radius Arca) (Weapon Potential)
追撃の輝弓,2512505439,Special,Auxiliary Dart (Radius Arca) (Weapon Potential)
天雷の飛翔剣,2924634920,Special,14DBユピテルトゥルス
天雷の飛翔剣,2194522995,Special,Thundering Blades (Etoile) (Jupiter Tullus) (Weapon Potential)
闇の一瞥,2270328498,Special,14タクトリュクロス・スタッフ
避跳飛刃,2311811561,Special,Temporary name (Weapon Potential)
天の加護,2428138007,Special,14ジブリル
白銀の輝焔,2711351862,Special,Bright Silver Flame (Exacrimav) (Weapon Potential)
白銀の輝焔,923779696,Special,Bright Silver Flame (Phantom) (Exacrimav) (Weapon Potential)
疾駆奮迅,3438460459,Special,Torrential Dash (Stopping dash wave) (RA Stinger) (Weapon Potential)
疾駆奮迅,3333338057,Special,Torrential Dash (Dash collision) (RA Stinger) (Weapon Potential)
煉獄紅蓮,1353602257,Special,Agonizing Blaze (Rengokuto Guren) (Weapon Potential)
閃影の鎚撃,2547423209,Special,Luminecho Hammer (Acure Charis/Atus Charis) (Weapon Potential)
閃影の弾撃,2255706962,Special,Luminecho Slug (Orgei Rancor) (Weapon Potential)
閃影の斬撃,895846384,Special,Luminecho Guillotine (Orgei Malice) (Weapon Potential)
変異の代償,3714671926,Special,Variating Redress (Genon series) (Weapon Potential)
閃影の斬撃,832000006,Special,Luminecho Guillotine (Orgei Malice) (Weapon Potential)
金龍大噴火,4005133178,Special,Golden Dragon's Eruption (Sign Burn) (Weapon Potential)
白虎の掟,1989470535,Special,Byakko Accordant (Shiho Byakko) (Weapon Potential)
縛魂の斬閃,895229155,Special,Soulbound Guillotine =100% HP (Corrupted Spear Epitemia) (Weapon Potential)
縛魂の斬閃,2876421265,Special,Soulbound Guillotine <100% HP (Corrupted Spear Epitemia) (Weapon Potential)
S1:賭死の撃,818692292,Special,S1: Reckless Strike (S-Class Special Ability)
S4:累加追撃,99411394,Special,S4: Raising Pursuit(S-Class Special Ability)
Emperappy hug <3,2088559161,Special,Emperappy hug <3
東京風ハンバーグ,585389849,Special,Tokyo Style Hamburger (Cuisine)
磁雷針,2370429206,Special,Magnetic Needle (Skyscape areas)
サークルレーザー,2939688058,Special,Circle Laser (random spawn on maps)
ガトリングトーチ,1852253343,Special,Normal Turret
拘束銃座,1358461404,Special,Rodos Grapple Turret
大砲,2414748436,Special,Facility Cannon
フォトンキャノン,1954812953,Special,Photon Cannon uncharged
フォトンキャノン,1954812934,Special,Photon Cannon charge lv.1
フォトンキャノン,2822784832,Special,Photon Cannon charge lv.2
禍縛の矢,791327364,Special,Binding Arrow Turret
フォトン粒子砲,3339644659,Special,Photon Particle turret
フォトンレーザー砲,2676260123,Special,Photon Laser Cannon
フォトンパニッシャー,224805109,Special,Photon Punisher
AIS ソリッドバルカン,119505187,Special,A.I.S rifle (ソリッドバルカン)
AIS フォトンセイバー,79965782,Special,A.I.S melee first attack (フォトンセイバー)
AIS フォトンセイバー,79965783,Special,A.I.S melee second attack (フォトンセイバー)
AIS フォトンセイバー,79965784,Special,A.I.S melee third attack (フォトンセイバー)
AIS フォトンセイバー,80047171,Special,A.I.S dash melee (フォトンセイバー)
AIS フォトングレネード,434705298,Special,A.I.S rockets (フォトングレネード)
AIS フォトンラッシュ,79964675,Special,A.I.S gap closer PA attack (フォトンラッシュ)
AIS フォトンブラスター,1460054769,Special,A.I.S cannon (フォトンブラスター)
AIS フォトンブリザード,4081218683,Special,A.I.S mob freezing attack (フォトンブリザード)
AIS ウィークバスター,3298256598,Special,A.I.S Weak Bullet (ウィークバスター)
AIS エリアヒール,2826401717,Special,A.I.S heal (エリアヒール)
AISV ソリッドバルカン,1164312683,AISV
AISV ブレードラッシュ,858127000,AISV,A.I.S. Vega Blade Rush first
AISV ブレードラッシュ,503978418,AISV,A.I.S. Vega Blade Rush second
AISV ブレードラッシュ,3724116814,AISV,A.I.S. Vega Blade Rush third
AISV ステアタ,2655531208,AISV,A.I.S. Vega Step Attack
AISV マルチロックミサイル,383210274,AISV,A.I.S. Vega Multi-Lock Missiles 
AISV カウンターシールド,2640906853,AISV,A.I.S. Vega Counter Shield
AISV カウンターシールド,3968047485,AISV,A.I.S. Vega Counter Shield big
AISV フォトンブラスター,1628689645,AISV,A.I.S. Vega Photon Blaster
マナ速射砲,1913897098,Special,マナ速射砲
ラコニウムソード,2235773608,Special,ラコニウムソード
ラコニウムソード,2235773610,Special,ラコニウムソード
ラコニウムソード,2235773611,Special,ラコニウムソード
ラコニウムソード,2235773818,Special,ラコニウムソード
ラコニウムソード,2235773926,Special,ラコニウムソード
ラコニウムソード,2235773927,Special,ラコニウムソード
ラコニウムソード,2235773944,Special,ラコニウムソード
ラコニウムソード,2618804663,Special,ラコニウムソード
ラコニウムソード,2619614461,Special,ラコニウムソード
ラコニウムソード,3607718359,Special,ラコニウムソード
DB通常攻撃(ルーサー),2743071591
DB通常攻撃(ルーサー),2743062721
オルト・サ・バータ,1783571383
オルト・サ・バータ,2928504078
コンバージョン・レイ,1783571188
コンバージョン・レイ,2849190450
ガンマバースト,1223455602
ウィズダムフォース,651603449
ダイブアサルト,2970658149
カウンターステップ,2191939386
ディフュージョン・レイ,2091027507
シャープグライド,4078260742
アッパートラップEx,3643936161,Special,Upper trap (Ra skill)
ポイズントラップEx,2794244546,Special,Poison Trap (Ra skill)
アナザーSロールアーツ,2628225583
アナザーSロールアーツ,2718316197
アナザーSロールアーツ,3710533329
アナザーSロールアーツ,534488752
ヘヴィーハンマー,1770469728,ウォンドPA,ノンチャージ
ヘヴィーハンマー,3027256165,ウォンドPA,1段チャージ
ヘヴィーハンマー,1393830765,ウォンドPA,フルチャージ
未知なる魔杖,4139628288,潜在,ヘヴィーハンマー1段チャージ(ラヴィス＝カノン)
未知なる魔杖,4139628319,潜在,ヘヴィーハンマーフルチャージ(ラヴィス＝カノン)
未知なる魔杖,1919700754,Special,Mysterious Conjurer (Etoile) (Lavis Cannon) (Weapon Potential)
レ・バーランツィア,950481737
レ・バーランツィア,950479247
レ・バーランツィア,4003740182
レ・バーランツィア,138892717
レ・ザンディア,718207365
レ・ザンディア,1867811774
レ・ザンディア,1867811711
レ・ザンディア,718208837
レ・フォメルギア,564406075
レ・フォメルギア,564406201
レ・フォメルギア,2206442470
レ・フォメルギア,2206444891
DB通常攻撃(アプレンティス),3379639420,1st Hit
DB通常攻撃(アプレンティス),3380458763,2nd Hit
DB通常攻撃(アプレンティス),3380192966,3rd Hit
DB通常攻撃(アプレンティス),3380628902,4th Hit
DB通常攻撃(アプレンティス),3377229307,5th Hit
DB通常攻撃(アプレンティス),3376960044,6th Hit
DB通常攻撃(アプレンティス),3377051585,7th Hit
DB通常攻撃(アプレンティス),3377849861,8th Hit
DB通常攻撃(アプレンティス),855002982,9th Hit スラッシュ
DB通常攻撃(アプレンティス),2326333456,9th Hit ファイナル
DBステアタ(アプレンティス),3725887474,ステップアタック
グレイスフル・ダンス,361825851,発射体
グレイスフル・ダンス,3535795759,スピン
グレイスフル・ダンス,781100939,ロイヤルスコーピオン　発射体
フォルティッシモ・キック,2295506478
フォルティッシモ・キック,1738105582
フォルティッシモ・キック,37504833
ロイヤル・スコーピオン,793625150
サーヴァント・ホーネット,1764406382
サーヴァント・ホーネット,3891439877
センセーショナル・スピード,3617357696
ラヴィシング・ステップ,452272060
ブラック・クイーン・アライバル,1891210633
DB通常攻撃(ダブル),2002943320,Melee,Dark Blast (Double) first hit
DB通常攻撃(ダブル),2000047869,Melee,Dark Blast (Double) second hit
DB通常攻撃(ダブル),2002496834,Melee,Dark Blast (Double) third hit
DB通常攻撃(ダブル),1957174279,Melee,Dark Blast (Double) fourth hit
DB通常攻撃(ダブル),1955884339,Melee,Dark Blast (Double) fifth hit
DBステアタ(ダブル),4134333680,Melee,Dark Blast (Double) Step Attack
ビックリハンマー,4271466373,PA,Surprise Hammer
ビックリハンマー,305729398,PA,Surprise Hammer second hit
ワクワクゴーカート,682884756,PA,Waku Waku Go-Kart physical hit
ワクワクゴーカート,4271465479,PA,Waku Waku Go-Kart physical hit "2-wheelie mode"
ワクワクゴーカート,3983075073,PA,Waku Waku Go-Kart projectile
ハッピーバズーカ,4271465542,PA,Happy Bazooka
フラワーカーニバル,3593316716,Special,Flower Carnival attacks
フラワーカーニバル,483639921,Special,Flower Carnival finish
フラワーカーニバル,3113171853,Special,Flower Carnival attacks (2nd time)
フラワーカーニバル,2157431709,Special,Flower Carnival finish (2nd time) 
フラワーカーニバル,3660851541,Special,Flower Carnival attacks (3rd time) 
フラワーカーニバル,3721426675,Special,Flower Carnival finish (3rd time) 
クラッチステップ,472092093,Special,Clutch Step
ファントムマーカー(カタナ),2907201045
ファントムマーカー(カタナ),2907201492
ファントムマーカー(ライフル),3786184050,1段階
ファントムマーカー(ライフル),3785421997
ファントムマーカー(ロッド),404882650
ファントムマーカー(ロッド),404882329
DCS(カタナ),2765954690
DCS(ライフル),2600842557
DCS(ロッド),3301900032
テク追撃(ファントム),2999731584
PTF(カタナ),975125104
PTF(カタナ),3695463316
PTF(ライフル),2243620231
PTF(ライフル),1412080400
PTF(ロッド),2995855500
PTF(ロッド),2682739887
PTF(ロッド),2682739886
PTF(ロッド),2682739872
通常攻撃(Phカタナ),973258663
通常攻撃(Phカタナ),973258596
通常攻撃(Phカタナ),973258533
通常攻撃(Phカタナ),840700311
通常攻撃(Phカタナ),840699985
通常攻撃(Phカタナ),840699920
ステアタ(Phカタナ),980427043
ファントムシフト(カタナ),4188914875
シュメッターリング,987960113,斬撃
シュメッターリング,1599479410,射撃
シュメッターリングSh,1599478186,1段
シュメッターリングSh,3569709951,2段
フォルターツァイト,987960176
フォルターツァイト,1599475427,返し
フォルターツァイトSh,1599473979
ヴォルケンクラッツァー,1599486311,斬撃
ヴォルケンクラッツァー,987960240,衝撃波
ヴォルケンクラッツァーSh,2011111966
ローゼシュヴェルト,654363349,初撃
ローゼシュヴェルト,3569459369,Unknown
ローゼシュヴェルト,3569459371,Unknown
ローゼシュヴェルト,3569459368,Unknown
ローゼシュヴェルトSh,1398920256
ローゼシュヴェルトSh,1705644539,持続斬撃
通常攻撃(Phライフル),2491562758,1段目
通常攻撃(Phライフル),2491562565,2段目
通常攻撃(Phライフル),2491562628,3段目
ステアタ(Phライフル),1999947508
ファントムシフト(ライフル),3089109531,未チャージ追撃
ファントムシフト(ライフル),2014302715,チャージ
クーゲルシュトゥルム,2215020097,Push
クーゲルシュトゥルム,2215020162,UnPush
クーゲルシュトゥルムSh,3158383588,連射
クーゲルシュトゥルムSh,1640997085,打止
ナハトアングリフ,3220962310
ナハトアングリフ,3220962891,爆発
ナハトアングリフSh,4046511708
フェアブレッヒェン,4290111736
フェアブレッヒャン,4290111408
フェアブレッヒャンSh,3151257398
シュトラーフェ,3288338193
シュトラーフェSh,4213673767
通常攻撃(Phロッド),2953139672,1段目
通常攻撃(Phロッド),2953139611,2段目
通常攻撃(Phロッド),2953139290,3段目
ステアタ(Phロッド),2998890418
ファントムシフト(ロッド),1431710595,Uncharged
ファントムシフト(ロッド),421953627,Charged
ルーフコンツェルト,1579409293,1段目
ルーフコンツェルト,1579408972,2段目
ルーフコンツェルト,1579408900,3段目
ルーフコンツェルト,3522834748,追撃
ルーフコンツェルトSh,1429241745,Unknown
ルーフコンツェルトSh,3406878835,Unknown
フェルカーモルト,1579594570
フェルカーモルト,2670384126,爆発
フェルカーモルト,1579594507,球
フェルカーモルト,1050889844,爆発
フェルカーモルトSh,1579574174,フィールド
シュヴァルツカッツェ,3406887572
シュヴァルツカッツェSh,3406887761
アイゼンフリューゲル,3115083023
アイゼンフリューゲルSh,3413713363
呪斬怨魂,3555827167,呪斬ガエンLv3 Br 1st phase
呪斬怨魂,3555827164,呪斬ガエンLv3 Br 2nd phase
呪斬怨魂,3555827165,呪斬ガエンLv3 Br 3rd phase
呪斬怨魂,859457301,呪斬ガエンLv3 Ph 3rd phase
呪斬怨魂,859457298,呪斬ガエンLv3 Ph 3rd phase
呪斬怨魂,859457299,呪斬ガエンLv3 Ph 3rd phase
インペリアルクリーヴ,3811494773,解式PA ソード
インペリアルクリーヴ,2499265502,解式PA ソード
プロミネンスアサイル,2751377490,解式PA ランチャージャンプ
プロミネンスアサイル,2751377556,解式PA ランチャー連射
プロミネンスアサイル,2751377621,解式PA ランチャーフィニッシュ
テンペストレイド,1927231955,解式PA JB
テンペストレイド,2141090244,解式PA JB
テンペストレイド,3659915973,解式PA JB
テンペストレイド,3782877357,解式PA JB
通常攻撃(EtDS),3919241663,1段目
通常攻撃(EtDS),169524061,2段目
通常攻撃(EtDS),3511369619,3段目
通常攻撃(EtDS),601312782,1段目(空中)
通常攻撃(EtDS),2524726786,2段目(空中)
エンハンスアタック,2428433047
エンハンスアタック,3674749665
クイックテイク,3668847151
ステアタ(EtDS),1877753403,ステアタ
スライドステアタ(EtDS),3668847214,スライドステアタ(スキル)
ステップガード(EtDS),3668848108,ステップガード(スキル)
ディフレクトコンボ,3703502919,1段目
ディフレクトコンボ,1299126211,1_2段目
ディフレクトコンボ,2505461367,2段目
ディフレクトコンボ(カウンター),3703475948,カウンター
ディフレクトコンボ(カウンター),1299131665,カウンター
ディフレクトコンボ,3703475885,クイックテイク
ディフレクトコンボ,1299131728,クイックテイク
アブソリュートクエーサー,3023957695
アブソリュートクエーサー,3023957886
アブソリュートクエーサー,3023959320,後半
セイバーデストラクション,2697421419,後半
セイバーデストラクション,2697421354
セイバーデストラクション,2697421743
シューティングスター,3186989454
シューティングスター,3186990914
セレスティアルコライド,3016370354
セレスティアルコライド,3016370673
通常攻撃(EtDB),634701582,1段
通常攻撃(EtDB),3591995488,2_1段
通常攻撃(EtDB),3591995809,2_2段
通常攻撃(EtDB),634701708,3段
ステアタ(EtDB),3216339209,1段
ステアタ(EtDB),3216339272,2段
ステップエッジ,762625001
パリィ,2717596840
コネクト,2848757556
コネクト,3689006720
コネクト,3689006745
フルコネクト,2511501522
フルコネクト,2511501523
ディストーションピアス,2146020536,1hit
ディストーションピアス,2146020473,2hit
ディストーションピアス,2146021178,3hit
ディストーションピアス,3346332164,4hit
ラディアントスティング,1463728380,1hit
ラディアントスティング,3117418431,2hit
ラディアントスティング,1463728189,3hit
ラディアントスティング,2350220858,4hit
ラディアントスティング,1624837806,5hit
バーティカルフロウ,1625099890,1hit
バーティカルフロウ,1609610974,2hit
バーティカルフロウ,2419211090,3hit
バーティカルフロウ,1625099760,4hit
バーティカルフロウ,1609610314,5hit
バーティカルフロウ,2419210264,(?)
ライトウェーブ,1624366591,1hit
ライトウェーブ,3350106872,2hit
ライトウェーブ,3350106162,3hit
ライトウェーブ,1624365942,4hit
ライトウェーブ,712272135,5hit
ライトウェーブ,712251032,6hit
通常攻撃(Etウォンド),4018085752,1段目
通常攻撃(Etウォンド),4018085689,2段目
通常攻撃(Etウォンド),4018085882,3段目
ステアタ(Etウォンド),3968236707
プロテクトリリース,1295321598,未検証(?)
プロテクトリリース,3381519387
プロテクトリリース,3381519386
プロテクトリリース,3099099080
プリズムサーキュラー,699328332,突進
プリズムサーキュラー,788841907,1hit
プリズムサーキュラー,4288338327,2hit
プリズムサーキュラーFo,788842224,2hit
グリッターストライプ,4020026781
グリッターストライプ,785560393
グリッターストライプFo,785561722
ブラックホールラプチャー,2723321977
ブラックホールラプチャー,2710202273,爆発(?)
ブラックホールラプチャー,2286047535,持続ダメ
ブラックホールラプチャーFo,2286047593,持続ダメ
ルミナスフレア,5834299
ルミナスフレアFo,2338828957